Mkt-RF,SMB,HML,SMALL LoBM-RF,ME1 BM2-RF,SMALL HiBM-RF,BIG LoBM-RF,ME2 BM2-RF,BIG HiBM-RF,RF
2.96,-2.3,-2.87,1.1524,0.6881,-0.2895,5.4968,1.7442,1.2022,0.22
2.64,-1.4,4.19,0.3595,1.2575,5.1342,2.4654,2.4338,6.0654,0.25
0.36,-1.32,0.01,-2.9079,-0.3659,-0.6674,1.1987,-0.1591,-1.0267,0.23
-3.24,0.04,0.51,-3.8565,-4.6772,-2.3312,-3.9098,-2.666,-4.417,0.32
2.53,-0.2,-0.35,2.811,3.3508,1.7844,2.8192,2.5865,3.1514,0.31
2.62,-0.04,-0.02,2.4564,1.5611,2.9839,2.6878,2.3267,2.115,0.28
-0.06,-0.56,4.83,-1.2501,-0.6282,3.6816,-0.5121,-0.2153,4.2135,0.25
4.18,-0.1,3.17,3.6422,6.1184,6.3592,4.7444,3.2968,8.3705,0.26
0.13,-1.6,-2.67,-1.9,-1.2889,-3.4676,1.0025,-0.0929,-2.7764,0.3
0.46,0.43,0.6,-1.5684,0.6241,3.2296,2.801,-1.0134,-0.7952,0.25
5.44,1.41,4.93,5.2482,3.0467,13.0256,5.1076,4.8017,7.1921,0.3
-2.34,0.47,-1.53,-1.8084,1.044,-4.2074,-1.2228,-3.2756,-1.8926,0.26
7.26,-3.23,-1.16,4.0331,4.9347,3.6846,8.9369,6.4429,6.9603,0.3
1.97,-0.72,-3.69,2.0703,-2.4844,0.58,3.6391,0.9381,-2.2451,0.28
4.76,-3.57,-0.71,2.1881,2.0216,0.189,5.1764,4.1819,5.7574,0.21
-4.31,2.13,-4.33,-0.4133,-2.3958,-6.0857,-3.8849,-4.534,-6.8719,0.25
6.58,2.76,-0.31,10.2246,7.852,10.0175,6.846,6.5576,6.4246,0.21
2.09,0.93,-1.06,5.3305,2.3816,2.2306,2.2754,1.6347,3.2555,0.22
-0.68,4.25,-0.72,2.9531,2.5304,3.3448,-0.7274,-0.6167,-2.5668,0.25
-1.7,-2.03,-0.69,-5.1213,-2.0503,-4.4571,-1.0062,-1.4695,-3.0596,0.33
8.81,-0.26,-1.2,7.103,8.3329,9.167,11.99,5.8427,7.5354,0.29
4.23,3.82,3.67,3.9958,10.4645,9.7523,2.6945,5.78,4.2779,0.22
1.52,2.98,-3.46,7.2126,1.634,2.254,2.2865,-0.4328,0.3188,0.32
-4.85,-3.5,-0.06,-8.8231,-8.6144,-7.1394,-3.9194,-4.4324,-5.7264,0.31
0.62,-1.35,-0.47,-0.7248,-0.7217,-1.2067,1.039,-0.2102,0.5817,0.32
6.68,-2.07,-2.11,5.804,4.7317,3.379,8.4168,5.0667,6.6268,0.32
2.88,2.18,0.76,5.4617,4.1838,5.9062,3.1408,1.6453,4.2196,0.27
1.33,2.27,-2.26,6.4199,2.7144,1.2521,0.949,1.0225,1.5967,0.41
11.81,-1.81,2.8,8.2905,10.8136,11.9031,10.7802,12.8981,12.7697,0.38
0.36,-0.85,-0.6,0.8455,-0.6553,-0.7062,0.8732,-0.0608,1.2317,0.06
4.66,-3.55,-1.21,-0.374,1.5979,1.108,6.1862,4.4973,2.2907,0.34
-0.34,-0.39,1.68,0.3814,0.7414,0.022,-0.9391,0.4706,2.7876,0.36
-0.89,-4.78,1.56,-6.2933,-3.8002,-4.4997,-1.7235,1.8698,-0.4042,0.34
1.43,-0.99,0.61,-0.4422,2.3949,0.1536,1.8572,0.7545,2.4762,0.36
-6.39,-5.46,-1.57,-10.6409,-9.8003,-13.3307,-6.1697,-4.6022,-6.6109,0.44
9.7,-2.17,-2.76,6.4473,8.9156,5.8864,11.9393,8.83,6.9852,0.52
4.46,-3.88,2.66,-0.3981,-1.0329,3.5333,3.2356,5.8718,4.6229,0.33
8.18,-9.52,0.06,-1.2885,-0.8641,-0.8544,6.872,12.143,6.5497,0.4
-5.47,1.17,-0.63,-4.6069,-4.6605,-3.9718,-4.7711,-5.3185,-6.6675,0.35
-20.12,-4.08,7.85,-22.1861,-19.7951,-20.2929,-24.6465,-14.5543,-10.8323,0.46
-12.74,-1.91,5.33,-16.7796,-10.2125,-12.7066,-14.6235,-11.3014,-8.0377,0.37
1.33,-4.2,-0.59,-3.1211,-3.0949,-2.2188,3.0288,0.1815,0.947,0.37
5.61,3.58,-1.01,6.0947,9.2995,8.3231,7.0335,3.1713,2.7821,0.14
2.5,0.12,0.39,1.0502,0.9075,4.0779,3.1639,1.5818,0.9221,0.3
7.1,3.44,0.15,8.6509,10.7161,10.4147,6.466,7.9848,5.0073,0.35
-2.06,-0.17,-0.84,-6.3056,-1.9506,-3.6914,-2.571,-2.0039,-6.8623,0.21
-1.66,-2.04,-0.63,-4.0211,-2.5732,-3.2178,0.4461,-2.5243,-1.625,0.26
-16.27,-3.22,2,-17.203,-16.9197,-19.1987,-18.119,-13.4265,-12.1139,0.27
4.12,-0.37,-1.56,6.3208,3.528,2.3406,4.2017,4.0198,5.0644,0.2
0.3,-2.22,-0.78,-3.8546,-1.7035,-2.5973,1.1069,-0.89,-1.7132,0.09
-12.75,-2.22,-5.27,-13.9023,-14.8921,-19.3819,-12.2525,-11.9594,-17.3058,0.22
-8.78,-0.1,-1.35,-10.1907,-7.7701,-10.8343,-9.5178,-7.4164,-11.5735,0.09
-3.04,2.21,-3.53,0.0934,-2.9138,-2.7323,-2.4916,-2.9639,-6.7302,0.13
-7.83,-4.68,-5.39,-10.5636,-11.1666,-17.4266,-5.9457,-9.3176,-9.8645,0.14
6.24,3.81,7.21,9.7621,11.2102,15.3127,4.567,6.8323,13.4411,0.15
10.88,3.39,1.6,13.1632,11.6177,17.05,12.8306,6.6957,12.1356,0.04
-6.43,3.07,-3.65,-4.474,-3.0504,-7.0901,-4.3271,-10.4877,-9.0126,0.13
-9.98,-4.61,-3.92,-12.9749,-14.1012,-18.3029,-8.9212,-11.187,-11.429,0.08
-13.24,5.16,-6.57,-9.7609,-8.7906,-13.934,-11.4832,-16.0243,-20.453,0.09
13.9,-5.38,11.3,10.0462,7.6495,20.2374,12.7709,16.1156,25.1857,0.08
-6.62,1.43,-2.1,-8.6467,-9.0011,-5.7963,-5.2268,-10.2375,-12.2743,0.06
0.41,-1.97,-1.49,-1.6414,-1.2097,-3.7804,0.8686,-1.6248,0.0231,0.03
-29.13,0.56,-6.75,-26.6022,-30.0821,-33.8586,-28.8971,-28.1793,-35.1431,0.03
8.04,-1.87,1.7,4.1319,9.1071,5.3593,9.4401,3.1588,11.6214,0.1
-9.08,4.3,-5.05,-7.9035,-7.4615,-9.5602,-6.2988,-16.8007,-14.7365,0.17
-13.53,-0.56,-8.86,-13.9187,-16.6288,-22.5392,-11.6867,-18.9421,-20.7886,0.12
-1.58,3.94,9.04,2.2624,3.6964,10.2816,-3.6647,1.6832,6.4053,0.23
5.46,-2.77,-1.45,-2.7054,1.7522,1.1533,6.8842,1.5066,0.1207,0.23
-11.21,2.27,-2.32,-10.6859,-12.2966,-10.7844,-10.3631,-15.3003,-14.906,0.16
-17.96,1.44,1.42,-19.4172,-17.2549,-16.153,-18.2375,-20.2576,-18.6518,0.11
-20.51,3.72,-3.28,-17.1987,-24.9,-17.5341,-19.2784,-26.0131,-25.496,0.06
-0.7,0.35,5.32,0.934,6.2281,1.0164,-1.731,0.0345,8.8276,0.02
33.84,-4.44,35.46,31.8786,36.0825,63.2175,28.1655,48.5909,67.7547,0.03
37.06,14.29,33.03,48.6966,55.3425,83.5454,31.2911,50.9361,62.4977,0.03
-2.94,-2.43,-6.82,-2.8354,-4.6141,-12.5037,-1.0666,-6.5449,-5.0387,0.03
-13.17,-2.76,-10.04,-16.2735,-19.665,-23.8872,-10.7714,-17.5326,-23.2472,0.02
-5.88,2.08,-13.28,-0.3172,-8.2986,-13.2253,-2.7423,-8.9488,-16.4016,0.02
4.4,-8.27,-8.17,-5.1681,-4.2629,-11.0892,6.8403,1.0338,-3.5733,0.01
1.25,0.69,6.23,4.3796,1.3814,8.0622,-0.022,3.0197,8.7585,0.01
-15.24,-2.75,-2.73,-17.8168,-18.3837,-20.8581,-14.9193,-16.5516,-17.3438,-0.03
3.29,3.9,7.38,7.039,6.1177,15.9932,0.9169,9.8208,6.7177,0.04
38.85,4.56,17.43,45.3453,54.7024,56.461,33.639,51.7933,57.3905,0.1
21.43,36.7,19.03,59.8978,62.1565,73.2994,16.9317,26.7381,41.586,0.04
13.11,8.67,-1.88,32.9173,23.2835,18.5682,11.3483,15.4889,21.9296,0.02
-9.63,-1.01,3.27,-14.1585,-12.7912,-7.2618,-8.8783,-13.0773,-9.2408,0.02
12.05,-5.45,2.96,10.5285,10.0802,8.1844,10.5658,15.7484,18.8315,0.03
-10.65,-0.32,-11.77,-7.6321,-13.3552,-20.9242,-9.1654,-12.3803,-19.4066,0.02
-8.36,-0.08,-8.46,-8.5049,-12.43,-13.8462,-6.1714,-10.6022,-17.7548,0.01
9.97,-6.48,2.33,4.4292,4.6418,6.0886,9.67,12.2572,12.6724,0.02
1.83,0.66,-1.53,4.7502,4.0367,0.4365,2.0893,1.8086,3.3336,0.02
12.6,12.53,15.54,21.4703,28.5143,38.2903,9.8169,16.7746,24.0868,0.05
-2.5,5.19,2.12,-0.3135,1.1596,5.3523,-2.4015,-3.1441,-3.83,0.02
0.09,2.51,-2.73,4.7522,2.0474,-0.0927,-0.0229,-0.1562,-0.64,0.02
-1.79,2.8,-3.75,2.8256,-1.327,-1.8403,-1.788,-2.3252,-4.626,0.01
-7.25,-0.26,-5.91,-7.3481,-9.9007,-12.0604,-6.4133,-8.5979,-13.5206,0.01
2.64,-2.14,-2.92,3.7572,0.0711,-2.32,2.618,2.4711,2.8515,0.01
-10.96,-6.94,-10.66,-18.0326,-21.5142,-24.486,-8.321,-11.7151,-23.189,0.01
5.58,5.42,0.5,10.9135,9.4025,12.213,6.0618,4.4364,5.7591,0.01
-0.23,-1.52,-1.24,-0.9355,-0.5906,-3.5772,-0.2697,-0.1587,-0.115,0.01
-1.66,1.24,-5.11,-0.935,-1.648,-4.2037,-0.4215,-2.718,-7.379,0.01
8.33,6.49,-2.24,17.4118,15.4333,12.5184,10.2302,5.0037,10.6473,0.01
0.36,3.08,-3.17,4.9309,1.7454,1.5881,0.7407,0.5233,-2.2472,0.01
-3.45,1.07,-1.89,-5.5623,-3.4088,-3.0425,-3.0199,-2.8938,-9.3228,0.01
-1.94,0.42,-7.24,-3.5425,-4.8789,-5.898,-0.8781,-1.7038,-13.0075,0.02
-3.68,-3.54,-5.06,-5.9334,-7.4792,-11.2768,-2.9815,-3.3389,-7.7599,0.01
9.06,-1.56,4.27,6.7074,9.3384,10.2138,8.0211,9.8771,13.0498,0.01
3.47,-3.34,2.61,-2.6757,2.3217,1.7245,3.127,4.329,3.947,0.01
5.93,-2.51,-1.65,5.8029,5.9162,0.7971,6.3721,5.6036,8.0713,0.01
7.51,1.47,6.86,9.1428,12.9258,12.7437,6.9782,6.3096,17.1048,0.01
2.65,6.28,5.7,4.2127,8.6696,14.4362,2.5594,2.1901,3.7375,0.01
2.63,1.57,-4.05,5.0817,5.5231,0.5475,4.6657,0.6668,1.1098,0.01
7.03,2.65,-2.33,10.8964,10.8404,6.7968,6.5916,7.9669,6.0228,0.01
4.88,4.3,11.91,6.6769,10.4275,18.9543,3.0189,5.5887,14.5539,0.02
4.56,0.22,1.07,5.7613,10.1456,2.2052,2.9735,5.7964,8.6758,0.01
6.89,5.1,10.51,10.3094,7.6627,22.3671,3.2781,9.5199,12.2306,0.01
2.49,1.14,5.04,1.891,6.5501,6.7724,1.9037,2.796,7.0939,0.01
0.99,0.66,-1.66,0.4896,2.318,0.8124,2.6178,0.0432,-1.0288,0.02
-8.14,-6.03,-2.08,-14.4131,-13.9943,-15.484,-7.1763,-8.3705,-10.2694,0.02
5.19,0.81,2.63,4.8811,5.5656,8.6567,5.0378,5.0907,6.5308,0.02
2.4,-3.25,-1.2,-2.238,-0.2888,-1.2798,3.6025,2.1102,0.2376,0.03
6.67,1.14,2.56,10.6221,7.6118,9.4642,5.909,6.1895,12.1912,0.01
0.99,0.72,3.99,0.6264,2.2504,4.595,0.2716,0.7616,4.2869,0.02
0.98,3.07,0.88,2.2161,4.9543,4.4576,0.9127,1.0888,0.4233,0.01
7.12,-2.39,2.52,3.6936,6.4685,6.4907,6.4025,8.7762,8.6399,0.02
3.27,9.01,-0.92,10.8617,9.0579,13.0148,3.3827,3.1373,-0.6044,0.01
0.21,3.61,3.96,2.0356,3.414,7.0026,-1.8345,2.3561,1.1085,0
3.35,4.31,2.61,7.168,7.3332,9.706,3.6351,1.3362,6.3147,0.01
1.09,1.23,5.05,3.2557,1.6655,6.2155,-0.2392,0.7959,6.9016,0.02
-0.27,-1.78,6.39,-3.0169,-0.067,1.8886,-1.7473,-0.2196,6.1175,0.01
-7.36,-3.77,-3.61,-10.119,-11.5977,-13.3805,-6.8535,-6.1392,-10.8078,0.03
-0.83,-0.66,-3.49,-0.3962,-1.0486,-4.1608,0.1832,-0.7786,-3.0398,0.06
-4.21,-3.65,-3.21,-7.2492,-7.7452,-10.3693,-4.1879,-2.7306,-7.4926,0.03
8.91,0.85,0.82,10.8893,8.9613,10.7533,9.1727,7.9346,10.9436,0.03
-4.86,0.42,-2.25,-4.661,-5.0983,-5.5989,-4.23,-4.6054,-7.7924,0.02
-13.61,-6.89,-4.57,-20.8637,-20.8654,-23.092,-12.3896,-12.4449,-19.3057,0.04
-9.61,0.45,-1.62,-10.8015,-10.2788,-9.7997,-10.1949,-7.5954,-14.4357,0.02
-8.31,-3.65,0.2,-11.5468,-12.3152,-11.7313,-8.7593,-7.7137,-8.1825,0.02
-4.24,-7.76,-0.39,-14.1157,-10.5934,-12.2906,-4.1175,-2.8726,-6.7316,0
0.49,4.97,-1.6,4.9809,6.5079,3.7399,1.3091,-0.3348,-0.6467,0
5.84,0.35,-2.02,8.4291,5.6035,4.7735,6.3853,5.3825,5.995,0
-23.82,-4.24,-3.52,-29.9058,-28.9645,-30.1319,-23.5081,-22.4497,-30.3143,-0.01
14.51,6.37,0.18,22.0738,20.7185,20.387,13.7977,14.4271,15.8388,0.01
-3.83,-2.47,-0.28,-7.4715,-7.6475,-5.5424,-3.5564,-3.6497,-6.0495,0
23.87,4.05,0.3,31.2478,30.0194,27.5574,25.7265,20.9273,30.0253,0
7.34,6.66,2.18,13.4474,14.4996,15.3733,6.8018,7.3185,9.2324,-0.01
-2.67,-2.44,-4.72,-4.5933,-5.1113,-9.2856,-0.432,-6.067,-5.1808,0
0.81,-2.72,-1.62,-1.9034,-2.5223,-2.8062,1.34,0.5907,-0.991,0.02
7.8,5.83,5.01,14.1229,14.7473,16.8941,6.9159,7.2032,14.1697,0.01
-1.72,-2.56,-1.23,-5.1369,-2.6063,-5.8625,-1.0568,-2.0845,-2.7992,-0.06
4.19,-1.8,0.5,6.0349,3.7143,1.5522,3.3787,4.4694,8.8637,0
-5.96,-1.56,-3.92,-8.0496,-8.8952,-10.1357,-5.2483,-6.1405,-11.0066,-0.01
3.51,0.63,2.95,3.9173,5.0575,6.2799,3.3394,3.1379,6.8847,0.01
-11.99,-4.76,-8.29,-17.7869,-18.4764,-22.8416,-9.8337,-13.6358,-21.3565,-0.01
-0.18,1.66,-0.3,-0.4922,0.1285,1.9743,-0.1355,-0.0485,-3.1968,0
6.8,2.81,0.47,11.2869,9.0461,9.8555,6.8872,5.5972,9.2668,0.01
-5.31,-1.02,-5.41,-6.8267,-7.9244,-10.6853,-4.4307,-6.5632,-11.3883,0.01
10.24,4.32,-0.03,16.1292,16.6985,13.6444,11.3137,8.4488,13.7364,0
-6.68,-4.61,-2.42,-12.3581,-11.9815,-12.6,-6.299,-5.9093,-10.8933,-0.01
16.88,20.23,22.22,37.6878,39.2898,54.9428,13.5697,16.8953,40.761,0.01
-0.53,-0.01,-4.89,0.4561,-0.5783,-5.0048,0.028,-0.8229,-4.2992,0
-3.62,-5.07,-6.46,-7.8325,-9.3925,-13.814,-2.6176,-3.6667,-9.5542,0
3.03,0.79,-4.06,5.9303,3.0379,0.3533,3.5574,2.3632,1.0169,0
-2.41,0.24,-0.77,-4.1988,-2.1344,-2.7571,-2.1568,-2.4994,-5.1435,0
1.44,2.51,-0.32,4.0588,4.3883,3.1703,1.2492,1.345,1.489,0
2.05,1.25,-1.27,4.6939,2.8608,2.2719,2.3725,1.4575,2.2556,0
0.22,3.92,-0.13,4.7401,3.1906,4.0938,-0.1263,0.1167,0.2697,0
-21.95,-6.66,-3.69,-27.7524,-27.42,-32.4214,-22.0518,-20.7834,-24.7679,-0.02
6.67,-2.13,4.63,4.4242,5.0042,7.9865,4.9455,8.2385,10.6339,0
3.16,1.01,-0.74,4.707,4.7078,3.3127,3.3773,3.0318,3.289,0.01
2.19,-0.11,0.56,2.0624,3.1924,1.8986,2.2028,1.7931,3.4947,-0.01
2.39,3.22,-1.13,5.3698,4.5125,5.2039,3.1522,1.21,1.0582,0
3.02,0.28,4.64,4.2145,5.6715,6.2944,0.8953,6.3562,8.0971,0
-1.61,1.94,0.12,1.1473,0.5385,0.1738,-1.9212,-1.3367,-0.7062,0
0.69,-2.15,-0.89,-0.8918,-1.4655,-2.2785,0.5934,1.017,0.1971,0
-4.17,1,3.83,-4.4329,-2.6398,-0.2966,-5.0265,-3.8389,-1.5098,-0.01
-1.43,-1.57,0.89,-3.4595,-1.7955,-2.8779,-1.5747,-1.4792,-0.379,-0.01
0.84,0.1,3.04,0.5136,1.12,3.7645,0.5344,1.202,3.368,0.01
-5.46,-1.69,3.41,-7.5463,-5.3915,-5.1901,-6.487,-4.5537,-2.025,-0.01
1.39,-0.66,0.6,1.7628,0.667,1.5458,0.9481,2.6345,2.3634,0
5.83,1.32,0.59,4.1184,6.1938,8.46,6.1753,5.6174,3.0109,0
5.87,5.7,7.25,10.4087,10.1275,18.5106,3.6962,8.1538,10.0936,0.03
-0.17,-0.41,-1.1,-1.1691,-2.1335,-0.4054,0.6762,-0.8666,-2.2797,0.01
-0.87,-0.99,-0.28,-3.0505,-1.8477,-1.9589,-0.0205,-2.2037,-1.6752,0.01
-5.25,-2.02,1.63,-5.8203,-6.269,-6.0101,-6.0976,-3.2927,-2.6528,0
-1.92,-1.21,-0.64,-1.0629,-4.1846,-2.921,-2.2704,-0.5645,-1.6913,0
-4.87,-2.98,-5.94,-5.4499,-8.4926,-12.6648,-4.6924,-3.6064,-9.3543,0.01
0.79,7.52,10.1,6.6911,10.6965,14.4666,-1.8116,0.485,10.6222,0.02
-2.46,1.72,-1.13,0.5147,-1.113,-1.7145,-2.3168,-2.8066,-2.3549,0.01
-6.58,1.78,-0.62,-4.7736,-3.6706,-5.7296,-5.84,-7.5557,-6.1145,0.01
-4.37,-0.6,2.09,-6.1955,-3.8273,-3.7507,-4.5976,-4.5055,-2.8627,0.01
5.94,-3.05,-2.65,0.1224,2.0404,1.62,7.4177,4.9079,0.6145,0.03
2.69,-1.22,0.54,0.9892,1.3819,2.3413,3.0327,2.5859,2.7637,0.02
3.51,-0.16,2.4,5.138,3.7418,5.0932,2.6564,4.2854,7.5071,0.03
1.8,-0.09,1.33,2.2129,2.556,2.4643,1.6861,1.7122,4.0908,0.03
2.61,0.66,2.39,2.1568,2.8251,5.9563,2.5862,2.7945,3.5729,0.03
6.82,1.82,6.47,8.261,7.8806,14.4669,5.2809,7.8447,12.0228,0.03
0.15,-1.54,-4.24,-1.1255,-2.5047,-4.1158,1.0682,0.2202,-4.4193,0.03
5.12,-2.49,0.56,2.5724,4.0541,2.5997,4.8547,5.8862,5.9499,0.03
7.13,8.78,8.23,11.6614,13.8914,23.7788,5.3174,7.9935,9.6678,0.03
6.15,4.84,6.51,10.8194,9.1645,17.452,4.7817,6.9744,11.1642,0.03
6.01,5.03,5.48,10.9034,11.5043,14.9321,4.1028,7.108,11.0404,0.03
0.81,2.06,5.86,-0.9784,2.5806,8.1316,-0.134,1.2183,2.4781,0.03
5.74,4.41,3.28,8.8091,8.9376,13.2625,4.9898,5.6931,7.097,0.03
1.82,-1.06,-0.74,-0.3095,0.7917,0.3797,2.1359,1.9385,-0.0312,0.03
-4.77,-2.41,-2.27,-5.2029,-6.8158,-9.116,-4.792,-3.7014,-5.4186,0.03
1.3,-0.62,-0.47,0.3327,0.0433,0.6939,1.4711,1.2817,0.1762,0.03
2.4,1.28,1.43,2.8973,2.9998,5.385,2.1746,2.6972,2.5554,0.03
-1.15,0.58,1.65,-0.7149,-0.3655,0.7397,-1.4772,-0.9774,0.3618,0.03
-5.91,-1.64,-4.04,-7.0789,-7.9878,-10.6093,-4.7911,-6.6138,-9.3414,0.03
6.36,3.34,3.22,7.1726,10.5809,12.0272,5.6448,6.8957,7.229,0.03
1.74,2.56,2.17,4.9883,4.6481,5.2601,0.788,1.5884,4.8502,0.03
0.37,-0.1,0.83,1.3311,0.9248,0.6269,0.0207,0.7554,2.3948,0.03
2.46,1.71,3.43,1.9635,3.6872,7.6097,2.1876,2.5417,3.3933,0.02
-1.69,-1.35,-1.13,-1.9926,-2.8971,-4.0921,-1.4272,-1.9071,-1.5929,0.03
5.07,1.67,1.02,5.7869,7.2371,6.9746,4.5761,4.9892,5.435,0.03
5.49,4.04,1.82,9.3152,9.6795,10.5117,4.9131,5.1201,7.3542,0.03
-1.49,0.55,-0.43,0.1674,-1.0499,-1.5168,-1.6879,-1.5087,-0.8675,0.03
1.57,2.41,-1.63,4.9153,4.1192,1.8664,1.3305,1.2256,1.116,0.03
0.01,0.47,-1.21,1.5539,-0.0964,-0.2858,0.3119,-0.2762,-0.2635,0.02
0.16,-0.14,-0.34,0.1625,0.5234,-0.4992,-0.0954,0.8107,-0.1129,0.03
1.71,0.37,2.31,1.0453,2.8897,3.6561,1.1312,2.2183,3.1349,0.03
4.03,2.24,5.91,5.9461,6.8464,10.567,2.4776,4.4923,9.6792,0.02
2.01,2.44,0.71,5.3078,5.0468,4.078,0.7304,3.009,3.3872,0.03
6.23,1.56,4.4,6.5645,8.8105,10.5214,5.1283,6.1244,9.9668,0.02
-3.89,-1.61,-1.78,-4.3943,-6.3471,-6.4297,-3.2165,-4.3901,-4.7347,0.02
7.8,0.32,3.21,7.5678,9.0569,9.8862,6.7301,7.9976,10.8352,0.03
1.73,1.51,0.35,2.7482,2.1267,4.0293,1.9798,1.0123,1.3959,0.03
0.39,3.1,4.32,2.8965,2.5327,6.8214,-1.2311,0.6963,3.4795,0.02
-2.17,-1.46,-2.71,-3.1333,-3.5758,-5.4858,-1.4566,-1.8457,-4.5255,0.03
6.2,1.61,-4.4,7.7384,7.8128,4.8592,8.5586,4.3699,2.6418,0.03
4.77,1.71,0.48,6.6174,6.7018,6.4107,4.5248,4.3674,5.6972,0.03
3.89,2.46,2.25,6.0425,6.6719,7.4202,2.3329,4.9611,5.4504,0.03
5.39,4.16,4.34,9.3011,9.7216,11.4799,2.8619,5.7959,9.3553,0.02
1.2,2.12,-2.32,4.023,3.0826,1.6095,1.7407,1.111,-0.4862,0.03
6.24,4.02,2.21,9.6375,8.8466,12.3315,6.0684,4.8935,7.7974,0.03
-5.83,-0.73,-1.27,-6.2738,-6.8594,-7.3213,-5.9102,-4.9758,-7.3931,0.03
5.87,0.31,-0.36,6.4774,5.9049,5.7751,5.1327,6.989,5.1151,0.03
4.23,2.37,0.45,4.3502,7.8986,6.3556,3.7306,5.13,2.6217,0.03
3.93,1.46,1.09,6.7036,4.9997,5.7305,3.1551,3.5802,6.3151,0.03
-3.89,-1.53,-0.59,-4.6003,-5.2331,-6.0275,-4.4439,-2.6457,-4.1936,0.03
-2.69,-2.06,0.04,-4.8321,-3.8718,-5.0775,-2.7612,-2.3986,-2.4291,0.03
-6.44,-1.78,0.6,-8.5203,-8.2529,-7.4001,-6.3475,-6.2252,-6.2626,0.03
-10.17,-4.41,-1.96,-13.9926,-13.5164,-15.8773,-9.8307,-8.4519,-11.8613,0.03
-1.44,0.09,3.44,-3.2163,-1.1014,0.7162,-2.517,-1.7939,0.4336,0.03
-0.01,-0.4,1.52,-1.6034,-0.7042,1.3802,-0.2513,0.7152,-0.1951,0.03
4.96,0.06,-1.38,5.6847,4.5834,4.2571,5.265,5.1654,3.9277,0.03
1.25,2.18,-0.73,4.4819,2.3972,3.22,2.1508,-0.5327,1.9474,0.03
-1.08,0.68,0.14,-1.3074,-0.6343,0.8317,0.0396,-1.365,-1.81,0.03
-1.67,-1.61,0.61,-3.3825,-3.4573,-2.4181,-1.8256,-1.0335,-1.5687,0.03
-4.8,-3.97,0.85,-9.3769,-7.9519,-8.1355,-5.1669,-3.6959,-4.7034,0.03
-0.97,-3.26,0.34,-5.2484,-3.9961,-3.6286,-1.1566,0.1574,-2.1044,0.03
5.29,-0.31,-0.6,4.2606,5.2987,4.9772,6.4252,4.5326,4.5003,0.03
4.14,1.43,2.82,5.2044,6.3037,7.0312,3.4818,3.4553,7.3042,0.03
-1.74,0.3,0.16,-1.8885,-1.5708,-1.2365,-1.8887,-1.486,-2.2297,0.03
-0.54,1.64,1.36,0.3498,0.2995,2.5719,-0.7344,-0.7158,-0.2414,0.06
2.47,0.51,0.08,3.4797,3.2429,2.8634,2.1704,2.9355,2.9443,0.06
-1.97,-1.74,1.06,-4.5155,-3.5127,-2.6995,-2.1416,-1.5391,-1.8396,0.06
3,-2.48,3.69,0.0959,1.2971,2.9434,1.9373,3.3828,6.4608,0.08
-3.93,2.49,1.38,-1.8189,-2.5505,-0.2699,-4.609,-4.1064,-3.406,0.07
-4.38,-1.71,0.07,-6.0605,-6.4538,-5.8686,-4.7191,-3.7581,-4.7673,0.07
8.07,0.13,4.49,6.3233,8.2156,12.1228,7.7254,7.6296,10.9126,0.09
3.65,-1.66,4.1,1.2135,2.7229,4.5943,2.1942,4.2856,7.0163,0.08
7.3,0.93,-1.23,9.2633,8.6269,7.4663,8.425,6.3826,7.7523,0.08
-0.1,-1.86,2.75,-2.9494,-1.7191,0.2335,-0.7128,0.2382,1.6111,0.09
-5.09,-0.32,0.07,-5.0417,-5.279,-5.5546,-5.0909,-5.39,-4.4326,0.08
0.25,-1.1,0.27,-1.2662,-0.6061,-0.4362,0.787,-0.3012,0.5007,0.09
-2.97,-1.23,-1.79,-2.9656,-4.2017,-5.5434,-2.7672,-2.4849,-3.766,0.04
5.96,-1.5,0.56,4.0523,4.5369,5.3378,6.3918,5.808,6.2324,0.04
-9.3,-0.62,-4.14,-9.7416,-9.7255,-12.9806,-8.3839,-8.7715,-13.4262,0.04
3.26,-2.8,-1.94,1.3744,-0.042,0.1289,4.8912,2.7212,2.2547,0.04
0.23,1.81,1.17,1.3055,1.7478,2.8763,0.4644,-1.1823,1.2304,0.1
-2.93,-1.89,-0.91,-5.4314,-4.0555,-5.6991,-2.5692,-2.8156,-4.1274,0.09
4.04,2.48,1.34,6.2287,5.5055,8.0847,4.1292,3.3034,4.9451,0.1
-1.87,-0.89,-1.18,-1.6505,-3.1723,-3.463,-2.166,-0.7501,-2.7069,0.09
-2.94,-0.77,-2.42,-3.8284,-3.8213,-5.2127,-1.9599,-3.1887,-5.4144,0.1
0.1,-0.88,-1.76,-1.2659,-1.5535,-1.227,1.0072,0.1508,-2.5522,0.1
5.54,0.57,0.38,6.439,7.1203,5.6549,5.1594,5.6578,6.7015,0.09
2.6,0.13,-0.57,3.1648,3.4548,1.8686,2.6237,2.6911,2.772,0.09
3.09,1.05,0.23,5.3213,4.0898,4.0809,2.5593,3.5307,4.2625,0.09
3.14,1.03,-0.49,4.9993,3.3931,4.0097,3.1724,2.9656,3.1834,0.09
1.82,-0.93,-0.91,0.4442,0.9258,0.1295,2.8484,0.1052,1.3457,0.08
5.13,2.07,1.75,6.8716,6.4448,8.712,5.2406,3.6826,6.9004,0.09
1.7,3.36,0.14,7.1611,4.5663,4.6019,0.7685,1.875,3.6055,0.09
1.48,0.04,-0.81,1.5832,1.8891,0.4771,1.4903,1.3715,0.9793,0.09
1.26,-1.41,-2.77,2.34,-1.2095,-2.0436,1.8199,0.8328,0.673,0.1
3.94,1.99,1.34,5.7035,5.269,7.4134,4.2612,2.9217,5.2366,0.09
4.31,-2.12,0.46,1.5064,2.6917,2.929,4.5373,4.9171,4.025,0.1
-5.94,-2.38,-0.78,-7.1224,-7.961,-9.1471,-5.5526,-6.4491,-5.0919,0.1
1.36,0.51,13.66,0.6491,3.2806,11.4039,-3.5686,4.3656,13.0049,0.1
4.85,0.73,-1.41,4.2762,5.4535,4.9765,5.9983,4.0287,2.4766,0.1
4.81,0.57,-1.11,5.8972,4.803,4.8761,5.6662,3.7296,4.4636,0.1
-0.18,-0.58,1.44,-0.5763,-0.3494,0.1389,-0.2931,-0.6188,1.8696,0.12
2.76,-0.84,3.17,0.2957,2.0128,4.8431,2.2905,3.2912,4.0922,0.11
5.54,1.49,7.23,5.1159,7.2614,12.3431,3.2338,6.534,10.4726,0.11
5.7,1.73,3.72,6.5904,6.9002,10.5368,5.0344,5.2779,8.536,0.13
1.41,0.09,-2.83,1.5335,1.221,-0.2712,2.1461,1.7718,-1.7099,0.1
-2.15,-0.64,-4.22,-1.5282,-3.3762,-5.7158,-0.8251,-2.7981,-5.0832,0.11
4.86,-1.49,3.28,2.1115,3.6048,6.3065,4.2884,5.5419,6.6477,0.13
-2.34,-0.01,-1.33,-1.9624,-2.7064,-3.4091,-2.4581,-1.9328,-3.6696,0.12
-2.62,-1.95,-3.96,-4.0263,-4.9024,-7.342,-2.3135,-1.1889,-6.9084,0.12
6.94,-1.99,2.01,5.2668,4.9518,6.5919,6.5792,6.9162,9.2823,0.13
4.27,0.99,-0.16,5.8732,5.2669,4.8822,4.0954,4.184,4.7653,0.13
0.7,1.9,0.61,2.2931,2.7539,2.7022,0.4624,0.3219,1.2659,0.12
-2.53,-0.22,0.25,-2.2573,-1.7787,-3.4821,-3.9561,-0.6623,-2.2248,0.16
0.57,-0.29,-0.05,0.3506,0.3455,0.2907,0.6693,0.5669,0.6249,0.11
3.33,-2.25,-1.56,1.0172,0.8509,0.5225,4.1394,3.4766,1.5118,0.12
1.45,-0.61,1.54,1.527,1.6473,1.2641,0.2721,2.387,3.61,0.15
-2.62,0.79,-0.61,-2.195,-2.0913,-2.1261,-2.2927,-2.9175,-3.5748,0.12
4.44,-2.99,2.16,1.1618,2.1624,3.2151,4.2615,4.7218,6.5306,0.11
-4.97,0.48,-0.1,-4.8536,-4.953,-4.199,-4.7723,-5.0491,-5.6311,0.12
3.2,-1.01,0.08,2.1058,1.9472,2.5974,3.6566,2.7103,3.3169,0.13
3.83,-1.61,1.23,1.5252,2.7292,3.2212,3.7514,4.0351,4.5237,0.15
0.91,-0.4,-0.35,0.8361,1.4205,-0.3174,1.0727,0.5361,1.5237,0.15
-0.76,1.18,0.03,-0.0916,0.8096,0.148,-0.9349,-0.6304,-1.1121,0.15
-2.03,1.15,-1.51,0.0523,-0.9612,-2.273,-1.8631,-2.2201,-2.5603,0.16
-0.66,-1.06,-0.45,-0.8748,-1.7235,-2.1127,-0.891,-0.1034,-0.5433,0.14
5.94,-0.71,0.95,5.4491,5.4213,5.9587,6.171,5.2358,7.556,0.1
2.93,-1.48,0.18,1.7531,1.6431,1.5629,2.9814,2.8718,3.5387,0.16
-0.34,3.58,1.32,3.5896,3.3642,3.7589,-1.0742,-0.34,1.3916,0.16
-0.27,2.15,-0.08,1.1926,2.0721,1.6126,-0.3582,-0.2845,-0.9377,0.14
-1.43,-0.19,-0.8,-1.9015,-1.8785,-2.1671,-1.3895,-1.2492,-2.7282,0.18
-2.83,0.28,1.53,-3.2329,-2.4731,-1.2889,-3.1315,-2.7096,-2.0086,0.16
0.52,-0.07,0.23,0.5545,0.7233,0.5438,0.7211,0.1169,1.1868,0.17
-1.89,-1.86,-0.47,-3.3627,-3.4852,-4.1709,-1.884,-1.5219,-2.0203,0.18
2.4,-1.05,-0.24,0.6953,1.3692,1.317,2.8308,1.9698,1.7322,0.15
-4.52,0.36,-3.54,-3.3935,-5.4669,-6.4462,-4.1436,-4.0732,-8.1656,0.17
0.2,-0.85,-2.42,-0.1368,-1.0061,-2.4337,0.7417,0.0296,-1.8094,0.16
4.6,-1.37,-0.19,3.0105,3.5349,3.0379,4.9509,4.1985,4.5461,0.13
2.83,-1.29,-0.17,1.4691,2.0701,1.1969,3.2682,2.1535,3.1942,0.08
0.03,-0.84,-2.84,0.1369,-1.3982,-2.8699,0.394,0.2528,-2.2709,0.13
5.13,0.46,3.51,4.5332,6.5099,8.1348,4.354,5.6704,7.7723,0.11
1.67,-0.17,-0.28,1.0541,1.4299,1.3749,1.582,2.0858,0.6954,0.07
3.65,-0.49,-1.46,2.5696,3.0407,2.173,4.1635,3.441,1.6381,0.08
4.27,-3.48,-0.37,-0.3521,2.2054,0.2024,5.2146,3.3683,3.9125,0.09
3.09,0.39,2.46,3.8959,4.193,5.039,2.8109,2.5657,6.5909,0.05
1.07,0.41,-0.03,0.5534,1.7405,1.3282,1.7837,-0.3379,0.9549,0.06
4.99,1.07,4.11,5.5718,6.8341,9.0982,4.2498,5.0873,8.9441,0.05
-2.34,2.66,-1.36,-0.2356,0.1027,-0.9439,-3.038,-0.9906,-5.0417,0.05
6.39,-2.54,0.66,2.8751,4.5527,4.6003,6.774,6.5075,6.3743,0.09
-1.67,0.59,0.72,0.4476,-1.0466,-0.7721,-2.3868,-1.0134,0.2734,0.07
9.38,-2.62,4.36,7.092,8.8793,9.5441,9.4731,8.168,15.7386,0.06
5.48,2.14,5.71,7.3522,9.4169,11.3213,4.2078,5.7841,11.664,0.08
0.6,0.25,2.18,1.4591,1.1675,2.3063,-0.0364,0.7455,3.4699,0.08
3.02,1.54,0.62,3.6755,5.378,4.5534,2.9506,2.7122,3.3122,0.09
-0.16,-0.66,1.95,-0.7883,-0.41,0.5912,-0.4103,-0.3239,2.1127,0.1
3.11,-1.79,0.81,1.2409,1.0755,2.5318,3.9984,1.8877,4.3324,0.1
0.93,-0.29,-0.86,0.2977,0.4032,0.2634,1.7437,0.0416,0.0597,0.14
6.55,-4.65,1.92,1.9458,3.2877,3.4417,6.3912,7.4837,8.7422,0.1
1.9,-1.36,0.63,-1.7321,0.9639,1.1886,1.9484,2.2535,0.296,0.1
0.21,-0.38,0.58,-0.2301,0.4473,0.1004,0.4558,-0.2856,1.2874,0.16
-0.36,0.3,-1.06,-0.8822,-0.6371,-0.5094,0.0422,-0.5196,-2.459,0.16
-2.68,1.5,-0.03,-1.6184,-0.9446,-1.4678,-3.2571,-1.8015,-3.4638,0.18
7.03,-2.46,0.5,5.8272,4.6547,5.0892,7.8065,5.5965,9.5496,0.17
1.49,2.08,-2.24,3.2925,2.103,2.3879,1.7019,1.7156,-1.8827,0.18
-3.03,0.44,1.12,-2.5477,-2.277,-1.9359,-4.2057,-1.3101,-2.5754,0.22
3.77,-1.04,-0.53,1.7477,3.6028,2.1865,4.7775,2.6124,3.27,0.19
6.64,-2.42,-0.14,3.2822,3.647,4.9693,7.0208,7.0769,5.0485,0.15
0.28,0.07,-0.18,1.0924,0.6847,-0.1087,-0.2205,1.0584,0.6241,0.19
-5.2,1.5,-1.33,-3.628,-4.316,-4.7333,-5.3092,-5.0175,-6.855,0.23
3.48,-1.46,-1.32,0.8128,2.3388,1.1061,4.4805,2.6127,1.5512,0.2
4.84,-1.68,-0.01,3.0992,3.225,3.2509,4.8613,5.0699,4.687,0.22
-3.18,1.9,-0.71,-0.4472,-1.0666,-2.2925,-3.705,-2.5042,-3.2859,0.17
-5.14,1.56,1.79,-3.5853,-3.2009,-2.2973,-6.1415,-3.7761,-3.8591,0.18
0.52,-0.09,-0.06,0.9518,0.6685,0.1626,0.4294,0.525,1.0887,0.25
0.36,-0.22,1.78,-0.5204,-0.034,2.0384,-0.5947,2.3395,0.3981,0.2
3.16,-0.03,-2.1,4.0433,1.8589,1.9815,3.5674,2.9964,1.4231,0.24
-3.58,3.4,2.78,-1.0159,-0.1951,1.7732,-4.7266,-2.9407,-1.9617,0.27
-2.06,-0.72,-0.73,-3.0569,-3.4679,-2.9639,-1.7692,-2.2447,-3.329,0.24
2.13,0.27,-0.47,1.9872,2.3611,2.0443,2.4855,1.6054,1.4855,0.23
4.26,-1.6,-1.51,2.0468,2.046,1.9943,5.3545,3.1647,2.38,0.25
3.45,-1.07,-2.05,2.6671,1.038,1.4722,4.4886,2.3097,1.5809,0.26
-0.74,0.55,0.01,-0.1284,-1.4832,0.5049,-0.351,-1.4401,-0.9662,0.24
0.66,-0.76,0.38,-0.8345,0.4319,0.1256,0.9803,0.2342,0.7881,0.3
-5.11,0.06,-0.45,-5.1539,-4.6653,-5.4412,-5.7017,-3.4391,-6.313,0.25
-5.98,0.08,0.88,-7.3371,-5.1902,-5.3058,-6.585,-4.6155,-6.8624,0.26
-4.32,-2.52,-1.83,-8.4038,-5.9245,-8.5517,-4.0628,-3.6932,-7.5783,0.29
2.3,0.4,-2.9,2.9523,1.1561,0.8146,2.8182,1.7485,-0.839,0.28
-3.91,-0.93,-1.71,-4.7073,-4.8999,-6.1078,-4.1586,-2.5792,-6.1793,0.24
4.66,4.36,4.23,11.904,10.2101,11.6378,3.1188,5.7043,11.8409,0.28
-1.52,0.7,0.28,-1.7609,-0.6197,-0.6217,-1.9204,-0.6895,-2.5051,0.12
3.27,0.63,-0.92,4.8612,3.735,3.0235,3.3169,3.0986,3.3093,0.09
3.09,-0.59,1.46,3.214,1.5805,4.2424,3.2502,2.4077,5.1455,0.08
2.31,2.24,-0.35,6.4313,4.1105,4.1545,1.9559,2.4922,3.5354,0.11
2.93,-0.24,0.5,1.9192,3.2332,2.961,3.1137,2.6368,3.0805,0.03
4.39,0.47,3.12,4.1525,6.0585,7.0323,4.3171,3.8434,7.684,0.07
1.91,1.19,0.29,4.3207,3.0404,3.123,1.668,1.8055,3.4495,0.04
4.66,0.15,2.96,5.3195,4.0758,7.7795,4.567,4.1292,8.0299,0.19
2.53,1.13,-1.18,6.7733,2.6121,2.9042,2.4462,2.4927,3.9513,0.18
3.01,2.06,-1.29,7.5738,4.1426,3.9405,3.2442,1.9519,4.2924,0.11
5.15,-2.07,-0.05,2.5353,3.0321,3.4479,4.7556,6.7211,3.7524,0.22
0.71,3.02,2.98,4.2597,4.9234,5.4671,-0.8258,2.4992,3.928,0.21
0.95,1.49,1.05,2.2268,3.4814,2.5846,0.3372,1.391,2.0887,0.19
0.28,1.48,-0.35,1.389,1.4507,1.4935,0.5003,-0.2973,-0.3128,0.22
3.66,-0.58,-1.22,3.591,3.259,1.9625,4.5349,2.3128,3.7197,0.2
1.73,-2.15,1.87,-1.6158,0.255,1.205,2.5059,0.3762,3.4267,0.22
-0.25,0.68,1.33,1.4754,0.2985,1.6298,-0.6219,0.0856,1.8921,0.25
3.17,-0.32,0.26,1.8728,2.5942,3.3002,3.7408,2.1425,2.8328,0.25
-1.39,-0.78,0.44,-2.088,-1.3925,-2.1706,-1.5449,-1.1947,-0.5739,0.19
-4.8,-0.09,0.57,-5.7183,-4.8139,-4.2812,-5.3354,-3.5734,-5.6337,0.31
1.28,1.43,-2.05,3.597,2.3068,0.8057,1.1464,1.4512,-0.1681,0.3
1.6,1.24,-3.27,3.6264,1.7748,0.2701,2.7526,-0.362,-0.4325,0.26
2.45,-0.6,-0.03,3,2.0839,1.7485,2.6381,2.1716,3.82,0.34
-6.98,2.09,2.73,-6.1176,-3.5288,-3.2668,-8.5371,-4.7231,-5.9231,0.33
1.17,0.51,-1.99,1.7872,1.163,0.2115,1.0239,2.0003,-1.3829,0.29
-1.63,-0.51,-2.85,-2.6885,-2.7516,-4.1793,-1.2289,-1.4268,-5.4467,0.35
-1.71,0.31,-2.23,-0.1355,-2.3062,-3.1514,-1.7621,-1.5425,-3.2043,0.19
3.12,1.21,-3.76,5.0334,1.5539,2.103,4.04,1.5542,-0.5416,0.27
2.08,-0.22,-0.34,2.1079,2.4083,1.192,2.3269,1.4871,2.5593,0.24
-2.37,-0.52,2.03,-3.4876,-1.9816,-1.5832,-3.6069,-0.4127,-1.459,0.13
3.01,0.9,-0.19,3.9824,3.3514,4.0369,2.5678,3.9793,2.1376,0.17
-5.99,-1.12,1.58,-7.8731,-6.0237,-6.2548,-6.8952,-4.5266,-5.3593,0.16
-0.71,-3.97,2.6,-6.6599,-2.6269,-2.9966,-0.834,-0.2499,0.6997,0.22
4.69,0.34,-2.45,6.3368,4.8379,2.8727,5.2948,3.8659,3.8524,0.13
4.71,-1.56,-0.79,3.9697,3.2869,2.2383,3.4044,7.2178,3.5517,0.16
6.2,0.65,3.7,7.1391,7.5899,9.411,4.7262,7.5885,9.8609,0.19
3.57,3.97,-0.74,7.8174,6.159,7.2537,3.9041,2.4229,2.9911,0.14
2.89,3.23,-0.77,7.146,4.5572,5.7239,1.9715,3.8899,1.8627,0.2
0.29,0.13,2.05,0.8698,0.2216,2.1198,-0.4861,0.9497,2.3659,0.17
2.4,1.95,0.48,3.3133,4.797,4.6674,3.0187,1.3001,2.6189,0.18
-3.08,-2.48,-0.18,-6.0184,-4.7557,-5.7077,-2.4745,-3.4166,-3.1471,0.2
2.83,-1.88,-0.15,-0.6289,1.096,1.1138,2.9605,3.3406,0.9269,0.18
2.57,-1.81,-0.2,0.475,0.2141,0.9657,3.0699,1.8327,2.1778,0.14
-2.15,-1.13,-0.47,-5.0907,-3.3858,-3.402,-1.3228,-3.2071,-3.9548,0.17
2.57,-1.96,0.59,-0.282,3.0883,0.0774,2.1152,3.7065,2.9443,0.19
4.45,1.03,-0.88,5.7262,5.5858,4.5971,4.7203,4.0033,4.0925,0.15
-0.18,-1.12,2.21,-2.2286,0.0275,0.1844,-0.4,0.1444,1.5976,0.19
-3.87,1.86,4.98,-2.6341,-1.0599,1.9724,-5.2426,-2.167,0.1201,0.24
1.81,-1.18,0.89,0.4324,0.5386,1.5911,1.6725,2.1489,2.2867,0.2
-0.68,0.23,-1,-0.6472,-1.2645,-0.8306,-0.5525,-0.4942,-2.3742,0.2
-6.59,-0.99,0.48,-7.4436,-7.5468,-6.9963,-6.8504,-5.835,-6.3386,0.22
-8.65,-3.02,2.32,-11.5716,-10.543,-9.7866,-9.3256,-7.0616,-6.4618,0.24
-8.47,-0.76,2.79,-10.489,-7.7197,-7.2701,-9.2088,-7.144,-6.8481,0.2
6.28,1.61,-3.62,9.0269,5.565,6.2711,7.7955,4.9204,3.3191,0.27
2.13,1.25,-1.22,4.4024,3.251,2.2446,2.5065,1.4289,2.2151,0.23
-5.22,-2.49,1.31,-8.4256,-7.2828,-6.4378,-5.239,-4.8385,-4.613,0.21
-0.05,-4.01,1.35,-5.3298,-3.4799,-2.3314,0.3649,0.4467,0.0693,0.25
10.87,2.58,1.05,14.6701,13.3932,14.2039,11.0866,9.7807,13.6453,0.2
1.01,-3.8,0.34,-3.8188,-1.6587,-2.4111,1.3115,1.6105,0.5745,0.23
4.93,3.09,2.21,7.5048,7.878,9.6182,4.6607,4.091,6.9702,0.25
-2.38,0.48,2.24,-2.8531,-1.7595,-0.2179,-3.0287,-2.0555,-1.1763,0.23
3.08,-2.51,1.94,0.0581,1.4736,2.1704,3.1818,3.1136,4.9476,0.23
4.51,-1.32,1.03,3.3713,2.5525,4.615,4.6935,4.3055,5.5038,0.25
1.76,1.07,2.58,1.4057,3.0164,5.1792,2.0443,0.9192,3.4326,0.24
-2,-0.26,0.72,-1.5495,-2.1978,-1.9684,-2.5486,-1.6921,-0.6815,0.23
-0.39,-0.55,-0.81,-1.3481,-0.8844,-1.4062,-0.2996,0.1769,-1.8658,0.27
5.07,-0.95,1.65,4.2008,4.2168,5.4897,5.1537,4.4332,7.1585,0.25
-1.57,-0.3,0.19,-3.3362,-0.7801,-2.195,-1.3208,-2.0002,-2.0768,0.27
2.53,-0.54,-0.09,0.8722,1.4415,2.428,3.5702,0.9508,1.8438,0.29
-0.85,-1.13,1.71,-3.1356,-1.5446,-0.5962,-0.5213,-1.7268,0.358,0.27
1.83,-1.96,-0.1,0.0633,0.2227,-0.02,1.7616,2.7522,1.6382,0.29
2.24,-0.19,1.61,0.4687,2.3368,3.7384,2.3802,2.3995,2.3322,0.3
1.54,0.09,2.82,1.3244,1.86,3.8925,1.1606,1.4206,4.2277,0.26
1.41,0.99,3.34,0.2998,3.736,4.9226,0.6106,2.7213,2.6685,0.31
0.1,-1.36,-0.53,-1.983,-0.6004,-1.7206,0.1321,0.8392,-1.1912,0.29
1.42,-0.9,1.96,0.6613,0.8538,1.8917,1.2755,0.8648,3.9742,0.26
1.27,-0.26,0.68,1.0068,1.0056,1.6673,1.3729,1.0204,2.0624,0.3
1.74,0.23,0.7,1.2617,2.623,2.3539,1.6101,2.0082,1.9219,0.3
-1.44,0.09,0.09,-1.7447,-0.6923,-1.4988,-1.5044,-1.137,-1.5742,0.28
2.69,-0.51,1.64,3.208,2.5091,3.3228,2.0659,3.2845,5.2335,0.28
0.59,0.45,1.15,0.7447,1.096,2.0146,-0.0012,1.4837,1.0298,0.29
0,0.61,-1.99,-0.3599,-0.6852,-0.202,0.2087,0.6548,-3.9372,0.29
0.03,-0.25,-2.55,0.1003,-1.1219,-1.8497,0.8129,-0.6062,-2.3415,0.31
3.54,2.68,0.19,6.6301,5.6344,6.3421,3.6665,2.5674,4.3425,0.28
0.44,3.48,0.19,3.3881,3.0866,4.0283,0.2709,-0.2072,0.0012,0.3
-1.34,1.78,1.07,0.5513,0.2032,1.1548,-1.5137,-1.9625,0.0321,0.36
3.11,1.19,0.7,2.6796,4.1176,5.034,3.511,2.1793,2.5586,0.31
-0.77,0.03,-1.61,-0.3905,-1.2446,-1.6502,-0.5777,-0.2506,-2.544,0.31
-5.51,-4.35,0.58,-10.302,-9.1584,-8.9442,-4.92,-5.3046,-5.1254,0.35
1.43,0.87,2.17,2.2354,2.7614,3.7775,1.0274,1.3166,3.8197,0.31
2.73,2.84,-1.04,6.4091,4.6132,4.7627,2.6118,2.4835,2.174,0.33
2.86,0.63,-0.14,3.5737,3.5001,3.5055,3.482,1.9266,3.2759,0.31
2.6,2.48,1.5,5.6603,5.0978,6.0047,2.5274,1.6232,5.1795,0.31
-0.03,4.69,0.2,3.6727,4.5311,4.359,-0.3636,-0.4961,-0.6472,0.35
1.01,2.09,1.99,3.5368,3.2482,4.3046,0.5182,0.5629,3.7373,0.33
0.72,3.86,3.54,3.9187,5.2369,6.5339,-0.579,0.8132,3.889,0.38
-1.21,4.46,0.39,3.3264,2.7876,3.1468,-1.9564,-1.1648,-0.9984,0.35
-2.51,0.94,-2.03,-0.8277,-3.2734,-2.424,-1.921,-3.0453,-4.3893,0.38
2.14,3.43,-0.5,5.3355,4.4944,5.1994,2.0676,1.4694,1.2107,0.34
-5.66,-4.67,-1.61,-10.3723,-10.4125,-10.7367,-4.601,-5.4691,-7.4564,0.41
-1.44,1.05,0.51,0.4433,-0.2779,-0.398,-2.3947,-0.4561,-0.5331,0.38
-1.63,-0.38,0.93,-2.5227,-1.9244,-1.1148,-1.9647,-0.9471,-1.5216,0.35
-7.91,-3.33,0.59,-11.8048,-10.2197,-10.8583,-8.0597,-7.0001,-7.8189,0.41
-1.06,-1.1,0.54,-2.4502,-1.4178,-1.8886,-1.3802,-0.2122,-0.8714,0.4
3.86,-6.63,2.9,-4.3971,-0.504,-0.601,2.7926,6.8065,4.788,0.45
1.4,4.37,-4.64,7.3054,4.3284,2.3485,3.3231,-1.4338,-1.0045,0.4
0.13,1.89,-1.34,3.1942,2.2061,0.12,-0.764,1.0002,-0.372,0.4
8.15,8.47,1.9,17.9375,15.6841,17.217,7.4909,5.9314,12.0042,0.43
0.78,3.36,-2.23,4.378,2.4703,2.8846,1.6603,-0.7206,-1.2966,0.36
3.99,1.74,0.18,5.6765,6.1342,5.295,3.8809,3.3684,4.6296,0.39
3.89,0.6,-2.61,5.2935,3.6015,2.8995,5.6679,1.4754,2.8424,0.32
-4.33,2,0.83,-1.8907,-1.3107,-2.7768,-5.3257,-3.8773,-2.7774,0.33
2.41,6.01,0.88,9.2586,7.8793,8.0271,1.1638,1.823,4.1588,0.27
4.58,3.08,2.65,6.9135,7.1768,9.8629,4.6021,3.1656,6.9523,0.31
-0.89,0.47,1.46,-0.7599,0.4681,0.2696,-1.0637,-1.2164,0.8368,0.31
3.11,3.1,-2.47,6.5446,4.9791,4.3734,3.4905,2.3684,0.7312,0.32
-3.09,1.42,-3.39,-1.1662,-2.6839,-3.872,-1.8783,-4.1501,-5.9454,0.39
0.37,0.2,-1.71,0.9315,1.0078,-1.2113,0.7332,-0.0721,-0.5445,0.36
3.05,5.73,-0.39,10.5565,7.1766,7.8971,1.8221,2.9051,3.7051,0.33
-4.06,3.91,4.75,-1.7955,0.4374,3.011,-6.5768,-1.6258,-1.8761,0.4
-3.75,-2.95,1.17,-7.8086,-5.4627,-5.4778,-3.7054,-2.4878,-3.7047,0.39
0.2,-1.28,-0.59,-1.1633,-1.451,-0.8923,1.4501,-1.1013,-0.0005,0.38
9.05,5.73,-1.03,16.7283,13.8974,12.903,9.7978,4.9545,11.5729,0.43
2.28,6.43,0.84,9.3366,7.8143,8.4477,2.0155,-0.3041,4.5888,0.45
0.69,-0.17,0.67,-0.6152,1.0243,1.0335,-0.445,3.1563,-0.7576,0.43
-2.72,-1.3,5.48,-6.2794,-2.7561,-0.2618,-4.9976,-0.3526,-0.0501,0.48
1.34,2.34,1,3.5311,2.9369,4.2854,0.7486,0.9801,1.9967,0.42
4.03,2.76,0.24,6.9532,6.4464,5.9921,2.9122,3.8453,4.3439,0.43
0.42,-0.47,2.89,-1.0709,1.7314,0.9002,-1.0314,1.2152,2.7862,0.44
5.43,2.36,-0.9,8.1177,7.845,6.3525,5.0741,5.1429,5.0321,0.42
-3.94,3.44,0.02,-0.1553,-0.9141,-1.5029,-5.2401,-3.7809,-3.8588,0.43
-1.25,-0.78,1.69,-2.3089,-1.5902,-1.2344,-2.3613,-0.3826,-0.0479,0.53
-5.84,-3.89,0.9,-10.8501,-8.561,-7.9591,-4.4036,-5.8116,-5.4868,0.46
2.64,-0.25,-0.46,2.5956,1.7836,2.7335,3.4366,2.0493,2.3856,0.46
1.46,-0.88,0.03,0.2884,1.3146,0.6924,2.7062,-0.1443,2.3717,0.53
-0.1,-0.27,0.73,-0.752,0.282,-0.3547,-0.6356,0.199,0.4203,0.48
-7.18,-5.39,-1.09,-12.7266,-11.6431,-11.4948,-3.94,-8.4165,-7.3463,0.51
-7,-3.21,1.42,-11.8347,-9.9689,-7.8156,-5.3598,-8.087,-6.5412,0.53
4.68,0.94,-3.87,6.8535,4.9702,3.2053,6.2044,3.8802,2.1219,0.5
-2.98,1.2,-3.19,-1.1555,-2.6451,-3.3491,-1.1845,-4.1782,-5.3788,0.62
5.06,3.81,-3.19,10.4171,7.353,6.4784,5.6372,3.9632,3.2048,0.6
-3.79,-2.53,-1.12,-6.0736,-5.6625,-6.9308,-2.6573,-4.3591,-4.0468,0.52
-2.63,-3.67,-3.02,-5.743,-5.8496,-7.3015,-0.4724,-2.4669,-4.9582,0.64
-8.1,2.9,3.04,-6.6745,-5.7124,-2.9747,-8.6621,-9.1096,-6.2797,0.6
5.13,-2.4,4.04,1.9603,2.906,5.5794,2.9858,7.2264,7.4437,0.62
-1.06,-2.32,4.25,-5.8784,-1.6775,-0.4205,-2.4799,0.8991,0.5548,0.57
-11,-6.11,6.39,-21.3565,-14.424,-11.6768,-11.0894,-10.048,-7.9793,0.5
-6.92,-4.52,3.6,-11.944,-11.056,-8.5267,-8.5179,-4.6948,-4.7396,0.53
-5.79,-2.16,0.87,-9.603,-7.5187,-6.5392,-6.0099,-3.8538,-7.328,0.58
6.93,-0.53,0.98,7.0311,6.2945,6.2609,4.6136,9.2331,7.3346,0.52
4.49,1.53,1.04,5.7439,6.453,6.042,3.5566,4.7508,5.3455,0.53
4.18,8.59,-5.62,16.6052,10.1998,8.8008,6.757,-0.2489,3.328,0.54
-2.28,-4.29,0.26,-7.3191,-7.4047,-4.6113,-1.1078,-2.0415,-3.3024,0.46
4.59,-4.07,1.64,-0.0315,1.4579,2.0844,4.6619,5.2212,5.8244,0.46
5.72,2.96,0.98,7.5035,9.1559,8.9081,4.9196,6.2956,5.4848,0.42
4.84,7.36,1.36,10.0675,12.5421,12.1831,4.3239,3.4531,4.9355,0.38
1.41,1.85,-1.33,4.293,2.9188,2.0315,2.0422,0.0139,1.6489,0.33
4.13,2.54,-4.04,8.5668,4.835,4.3812,5.6343,2.781,1.7383,0.3
3.15,-0.47,0.75,2.7439,3.6445,3.1102,3.7034,2.3507,4.8395,0.28
-3.98,-1.08,-1.36,-4.5449,-5.6794,-5.4197,-3.0024,-4.5586,-4.8421,0.29
-0.1,-1.43,-2.07,0.2317,-2.0805,-2.6336,0.7739,-0.4668,-0.5023,0.37
-4.5,-1.51,0.17,-7.2923,-4.7205,-6.2675,-4.59,-3.8957,-5.2793,0.4
3.79,-0.16,2.67,3.9151,3.1904,6.2637,5.088,0.6882,8.0757,0.47
-0.85,0.41,-2.96,0.4578,-1.1181,-2.5647,0.0253,-1.5959,-2.8723,0.37
-4.42,-1.8,-0.43,-6.6125,-4.6524,-6.967,-4.2339,-3.8478,-4.7457,0.37
-0.46,-2.85,-1.7,-3.2504,-2.6389,-4.5202,0.5125,-0.7595,-1.6116,0.37
8.71,3.32,-0.35,13.1872,10.7288,11.9524,8.6531,8.0688,9.1853,0.37
2.49,6.12,1.99,8.9491,6.3621,10.3935,2.3854,0.0436,4.9169,0.29
2.87,1.37,-2.76,4.6232,2.7516,2.5203,4.2256,0.7456,0.81,0.25
0.63,-0.26,-1.73,1.252,-0.4061,-0.795,1.9345,-1.6196,0.5167,0.27
0.29,0.02,0.23,0.0917,0.8708,0.1461,0.4231,-0.1916,0.8235,0.29
1.25,-2.79,-2.69,-2.0621,-1.5886,-3.0892,2.7172,0.5582,-1.6384,0.3
-2.43,0.34,-2.51,-3.6078,-2.9475,-3.3801,-1.3133,-3.0604,-6.5708,0.29
-0.8,-2.89,0.78,-5.5298,-3.4048,-2.3121,0.2524,-1.4085,-1.4141,0.31
3.26,-4.09,4.69,-1.2305,1.7634,2.2291,1.1361,6.8372,7.0616,0.29
-1.14,-2.66,0.47,-3.762,-3.0756,-3.4988,-0.8063,-1.4181,-0.1212,0.34
0.52,-2.74,1.37,-3.0305,-0.5358,-1.4478,0.0937,1.8641,1.251,0.4
4.6,-1.1,4.76,3.2755,5.4158,6.0506,2.5875,6.1267,9.3347,0.37
0.62,-1.86,-2.27,-1.3,-1.4668,-2.6178,2.268,-1.1159,-0.9501,0.37
-3.29,-3.49,2.68,-8.2876,-5.5505,-4.137,-3.0596,-2.5813,-1.8541,0.44
-4.85,-4,1.7,-11.5387,-8.1594,-6.2662,-3.4016,-5.2938,-5.2759,0.41
-1.3,-2.82,2.78,-4.7059,-3.0179,-1.7132,-1.7803,0.0168,0.7816,0.46
-5.68,-4,5.69,-12.1888,-5.8774,-5.5207,-6.6238,-3.0597,-1.9158,0.52
-2.94,-6.13,0.21,-10.638,-7.7401,-7.8429,-1.4427,-2.5643,-3.8233,0.51
-1.56,-2.95,1.44,-6.0076,-3.3406,-3.1803,-1.424,-0.8778,-1.373,0.51
5.05,7.94,-5.31,17.5752,9.6684,8.2678,5.7468,1.5201,4.4307,0.64
-3.82,-2.01,1.14,-4.6136,-5.851,-4.798,-4.0355,-3.6293,-1.5788,0.7
4.75,2.92,2.18,10.2476,8.9653,7.809,1.547,8.3849,8.3359,0.68
-0.83,-0.23,1.74,-3.1377,-0.3267,0.2963,-0.8417,-0.8381,-0.7974,0.65
-12.75,-7.74,4.04,-23.14,-18.4491,-16.7283,-13.1011,-10.5676,-11.4231,0.56
0.61,-5.26,4.09,-2.9882,-2.8343,-1.9601,-1.9428,4.7297,5.201,0.64
-0.17,9.77,5.99,6.8557,9.5972,13.2709,-1.7511,-1.6565,3.8228,0.63
-0.47,0.08,2.54,-0.5249,-0.0486,1.3626,-1.6688,0.7008,1.5303,0.58
-2.81,2.49,-0.11,-0.9596,-1.2871,-0.1082,-2.3574,-4.0588,-3.4231,0.56
-5.29,-0.65,1.06,-7.1725,-6.4533,-4.3368,-4.3137,-6.6613,-5.0385,0.75
-4.68,-2.98,-2.04,-7.969,-8.5995,-7.4969,-2.3556,-5.8787,-6.9035,0.75
-2.83,-0.2,0.79,-3.8551,-3.0275,-1.8203,-2.6537,-2.3574,-3.0987,0.6
-8.05,0.92,5.14,-7.3183,-4.9468,-3.6921,-10.1335,-5.0886,-3.4839,0.7
-9.35,-0.68,2.5,-10.065,-8.5662,-8.0409,-10.6776,-6.2511,-7.7108,0.6
-11.77,0.27,5.49,-12.5714,-7.8597,-8.1008,-14.4876,-6.8675,-7.9802,0.81
16.1,-3.52,-9.99,13.925,7.1259,7.4337,20.8857,10.7706,7.3921,0.51
-4.51,-1.17,-0.16,-5.6826,-4.8875,-6.0441,-4.5721,-4.016,-4.5213,0.54
-3.45,-4.84,0,-7.8184,-6.2941,-8.4422,-3.9633,-0.7243,-3.3419,0.7
13.66,11.01,8.44,23.8772,26.242,29.9842,9.9697,16.3623,20.7461,0.58
5.56,0.16,-4.56,6.2829,2.7448,3.2534,7.7663,2.3546,1.6744,0.43
2.66,3.76,2.49,7.2379,6.4548,7.9387,2.4811,1.129,6.7549,0.41
4.23,-0.53,-1.11,6.0768,2.8716,2.7269,5.2444,1.6496,6.3807,0.44
5.19,3.83,-4.02,9.7821,6.4058,6.4586,5.2254,5.428,0.5091,0.44
4.83,0.77,1.32,6.5581,7.0071,5.8429,3.9048,5.9406,7.2672,0.41
-6.59,2.68,1.68,-3.3822,-2.9608,-3.0232,-7.9905,-4.4237,-4.9983,0.48
-2.85,-3.24,-0.8,-5.1945,-4.6965,-7.0839,-2.7087,-2.1416,-2.4167,0.48
-4.26,-0.13,0.36,-4.5754,-3.8447,-3.9823,-4.4523,-3.2377,-4.3235,0.53
5.31,-4.03,0.33,0.7373,2.8534,1.4527,5.9703,5.2459,5.9173,0.56
2.64,-1.18,1.98,0.8931,1.9919,3.4126,2.6217,3.1473,4.0565,0.41
-1.6,-0.75,1.73,-2.0747,-0.7588,-1.3625,-2.292,-0.103,0.448,0.48
12.16,4.81,8.57,14.5251,17.9918,24.1491,10.3249,14.0825,17.8412,0.47
0.32,7.04,5.76,6.3539,6.9595,11.9166,-1.6705,1.5102,4.2789,0.34
2.33,-1.19,-0.02,0.8784,1.1468,1.3553,2.4288,2.6117,1.9143,0.4
-1.49,-0.04,-0.07,-1.3959,-1.3954,-1.5325,-2.0131,-0.184,-2.0075,0.42
-1.34,-1.24,-1.32,-1.2173,-2.3957,-3.9491,-0.977,-1.964,-0.887,0.37
4.05,-1.35,0.69,3.4751,3.2369,3.4492,4.0303,4.7491,5.4372,0.43
-1.07,0.3,1.7,-1.5695,0.2315,0.2506,-1.672,-0.2373,-0.0868,0.47
-0.56,-2.02,0.8,-3.8695,-1.7832,-1.6872,-0.7243,0.7551,-1.3006,0.42
2.06,-0.01,-0.3,3.0542,2.0816,1.7432,1.7503,2.6872,2.461,0.44
-2.42,0.23,-0.07,-3.1081,-1.9047,-2.4484,-2.8793,-1.591,-3.679,0.41
0.36,2.31,1.52,3.2345,2.7908,3.4743,-1.1448,2.051,1.6579,0.4
5.65,3,2.23,9.1963,9.1404,9.6711,4.3882,6.228,8.3827,0.4
-4.05,4.78,4.27,0.4362,1.832,2.8665,-6.6687,-1.9631,-0.5612,0.36
-1.95,1.08,0.51,-1.2973,-1.5493,-0.2585,-2.2172,-1.8713,-2.2457,0.35
-1.37,0.99,1,-0.0992,0.3918,-0.2277,-2.0231,-1.0065,0.1153,0.38
0.15,-0.12,3.44,0.6983,0.8816,2.1401,-1.4932,1.6234,3.9412,0.38
-1.46,1.17,0.86,-1.1471,-0.2536,0.3562,-2.1557,-0.4582,-1.9331,0.37
4.71,2.14,-0.67,7.0619,5.8144,6.5659,5.2696,3.3423,4.4223,0.4
-1.69,2.12,-0.6,-0.3746,-0.3862,0.1461,-1.8959,-1.4634,-3.6095,0.42
-1.75,1.51,-2.79,0.2807,-1.275,-1.9213,-0.0926,-3.9041,-3.4625,0.44
-0.27,1.45,-0.49,1.2147,1.3409,0.1909,-1.1259,0.6053,-1.0896,0.43
-4.38,1.27,1.72,-4.354,-2.5767,-2.0427,-4.8083,-4.2908,-3.6806,0.49
4,3.74,0.29,7.7767,6.7947,7.6753,3.5251,3.3153,4.2011,0.5
0.27,1.36,-0.39,2.7476,0.9957,1.0577,-0.2822,0.3842,0.6239,0.49
-6.01,2.22,3.31,-5.1936,-3.3026,-1.7019,-6.9132,-6.1567,-3.7843,0.49
-1.38,3.59,0.75,1.1423,2.0676,2.0675,-2.9976,-0.0885,-2.4178,0.46
2.85,3.49,1.19,5.8724,6.1166,6.5622,1.6551,3.0724,3.3508,0.53
7.88,0.4,-3.56,9.4166,6.9745,6.5972,10.5418,4.9843,6.2476,0.54
1.76,4.56,-0.63,6.6585,5.3347,5.2904,1.4258,0.6321,1.5425,0.51
-1.69,1.72,0.54,-1.5022,0.5617,-0.1406,-1.9346,-2.0962,-2.209,0.54
5.11,0.28,-1.15,6.4416,4.4064,5.1874,6.3352,3.5614,5.2879,0.56
3.75,5.06,-0.44,7.6841,7.5401,8.2782,2.9745,3.8566,1.4937,0.56
-1.43,-0.4,1.88,-2.4771,-0.96,-1.2519,-3.1875,0.357,-0.6593,0.62
-11.91,-9.91,1.4,-23.8033,-19.0424,-19.408,-10.5848,-9.767,-12.1813,0.68
2.71,3.02,-2.23,8.1805,4.3172,3.6809,2.2563,2.5649,2.2962,0.7
0.88,1.25,-2.2,2.2658,1.1474,1.1562,2.0936,-0.0713,-1.1993,0.78
4.23,3.65,2.29,7.7898,7.1301,8.8187,2.4704,4.3073,6.0149,0.77
-3.56,0.44,1.21,-4.1737,-2.9601,-2.6436,-4.4416,-3.0988,-3.5526,0.73
5.68,3.2,-0.7,10.8503,7.5292,7.6761,4.8999,4.8769,6.6735,0.81
-0.06,2.18,1.05,0.8512,2.1983,2.5098,-0.6066,-0.2007,-0.1651,0.8
-2.21,0.56,1.93,-3.4815,-1.5736,-0.1446,-2.6515,-2.0975,-2.1196,0.82
3.85,1.16,1.5,4.91,5.1513,5.3033,2.2883,4.7178,4.8868,0.81
0.82,1.31,1.69,1.2541,3.3839,2.2936,-0.1555,0.9685,2.1817,0.77
5.53,2.07,-1.54,8.3179,6.5801,6.5718,5.9892,4.6177,4.6608,0.77
-0.82,-0.28,-0.91,-0.0402,-1.9536,-1.9531,-1.6753,0.1716,-1.589,0.83
-8.1,-3.33,-1.87,-10.0932,-11.5118,-12.1594,-7.5595,-6.9762,-9.2376,0.87
5.21,2.73,-3.23,9.9055,5.827,5.8754,5.5584,4.7338,3.1256,0.99
1.79,4.22,-2,7.1667,4.3088,4.2458,1.9948,0.1474,0.9198,0.95
5.51,1.68,1.81,7.1373,6.9443,7.731,4.098,5.5402,7.1203,0.8
-1.22,-1.81,0.67,-1.334,-3.8297,-3.5079,-3.9942,1.253,-0.4885,0.89
-12.9,-6.62,-1.08,-20.4944,-17.2182,-18.5463,-10.1652,-11.9796,-14.2683,1.21
3.97,0.94,1.14,4.71,5.2603,4.6171,2.5042,4.384,4.869,1.26
5.26,2.16,0.41,7.3465,7.0985,7.2634,4.8594,4.6055,5.7542,0.81
3.06,1.67,-0.89,4.747,3.7373,3.681,2.5032,2.8758,1.7844,0.61
6.49,4.25,-6.37,12.7697,8.9775,6.6904,8.8129,4.7365,2.1448,0.53
1.8,3.92,-2.64,7.875,4.3304,2.9973,1.5383,0.7632,1.1396,0.64
2.19,0.85,-4.72,4.4791,2.1909,0.1131,3.4095,2.5,-1.6685,0.75
1.06,2.43,-2.78,4.9059,1.228,2.0805,0.8593,1.9495,-1.8837,0.95
9.59,-3.43,-8.4,11.6908,3.4346,1.6411,10.6503,12.502,3.904,0.96
-4.52,-0.26,2.69,-6.5946,-3.0729,-2.6482,-3.4727,-6.0286,-2.0356,1.31
-5.04,3.01,6.86,-4.8361,-0.2128,1.2205,-7.0392,-6.4426,0.6213,1.04
0.57,-0.28,0.99,-1.7272,1.387,1.7123,1.7404,0.1956,0.2761,1.07
3.56,3.65,0.66,6.4721,6.9693,6.4391,2.5999,2.3664,3.9515,1.21
-2.11,4.41,2.27,1.457,2.4486,2.7851,-3.2494,-3.241,-0.0418,1.08
0.11,1.98,-0.42,3.749,1.7952,0.5454,-0.2826,-1.6434,2.0807,1.15
-2.36,-0.84,5.13,-7.0976,-0.5679,-0.0495,-4.5765,0.7546,-1.3665,1.35
-1.54,-2.21,-0.6,-4.0118,-3.6717,-2.8459,0.1329,-1.8068,-2.2253,1.24
-7.04,-1.93,4.86,-11.278,-7.1565,-5.9604,-8.1111,-6.7676,-3.7131,1.28
-7.17,-2.69,5.2,-11.505,-7.7457,-6.172,-7.5876,-7.2232,-2.5285,1.24
4.92,2.14,-4.2,9.2289,5.5152,4.5531,6.9216,2.7464,3.204,1.21
3.36,-0.99,1.9,-0.1923,3.7846,3.5474,3.0166,4.0193,3.0775,1.07
-3.65,1.15,0.74,-3.2238,-1.8734,-2.3605,-3.9822,-3.5785,-3.3583,0.87
-3.24,-1.45,3.17,-5.67,-4.4504,-1.6534,-2.662,-4.4219,-0.3468,0.8
-5.86,0.48,6.08,-8.4014,-3.9993,-1.6574,-8.3138,-4.2812,-2.8885,0.92
-1.87,-0.22,3.78,-3.1604,-1.5155,0.5265,-2.9283,-1.4988,0.9435,0.98
3.27,1.49,-2.78,5.4039,4.5108,3.0147,4.6244,2.3799,1.4539,1.13
-3.99,0.47,1.82,-4.614,-3.3583,-1.9976,-4.5298,-3.3448,-3.5118,1.06
-3.09,-0.4,1.56,-4.5537,-2.6188,-2.2617,-3.4739,-2.1207,-2.6386,0.96
-3.19,0.85,0.17,-3.4598,-1.6005,-2.045,-1.6684,-5.2537,-2.7351,1.05
11.14,-4.09,1.18,7.3817,8.1853,7.4203,10.2553,12.4197,12.5799,0.76
1.29,2.86,0.33,2.1322,4.237,4.6798,1.4159,1.512,-0.4649,0.51
11.3,2.38,-3.71,15.3027,12.6664,11.0257,12.1932,10.6157,9.0549,0.59
4.67,4.8,-1.98,9.3931,7.7831,8.6302,6.461,1.6857,3.2716,0.63
0.55,-0.18,0.04,0.6269,0.5223,0.2148,0.47,0.4774,0.9648,0.67
3.6,2.72,-0.83,9.0271,4.7691,4.2574,2.0858,2.6063,5.1879,0.69
2.59,3.27,0.72,3.668,5.9564,6.5391,3.0148,1.7464,1.5871,0.62
2.82,1.78,2.08,2.0243,5.7275,5.6764,1.8596,3.8603,2.3704,0.63
6.67,0.52,0.62,7.1239,7.2768,6.9227,4.9944,8.3266,6.4313,0.71
0.52,6.13,-1.41,7.2442,4.6636,4.2965,-0.871,-0.5671,-0.7397,0.69
3.07,0.9,-3.92,4.9523,3.7451,1.6641,4.6091,3.0056,0.0557,0.67
-4.07,1.47,5.65,-6.5794,-0.7919,0.6281,-5.935,-3.39,-1.8394,0.74
-0.5,-4.29,5.55,-5.5637,-3.5798,-1.0688,-2.0815,0.2114,4.5265,0.76
0.91,0.59,1.12,-0.6792,1.7321,3.3043,1.8216,0.6755,0.0869,0.76
-3.44,-3.6,5.08,-9.7983,-5.156,-2.9208,-4.3468,-1.6677,-1.0725,0.76
2.16,2.04,-0.62,4.0173,3.5051,3.6618,2.1141,1.7183,1.2321,0.7
-1.78,-0.29,1.66,-3.8875,-1.1822,-0.5392,-1.4056,-1.8952,-1.4364,0.73
-1.92,-0.44,7.6,-4.9846,-1.0256,1.285,-6.0808,-0.1609,2.8494,0.76
-4.82,-1.7,3.35,-7.6887,-5.7031,-4.2789,-5.4517,-4.9534,-2.1625,0.71
0.63,0.07,0.49,-0.5748,0.6226,1.559,0.8438,0.8523,-0.309,0.73
-0.51,-1.2,1.29,-2.0694,-0.7167,-0.8287,-0.3548,-0.6512,0.9864,0.81
-5.97,0.04,0.26,-6.7403,-5.5641,-5.1424,-5.5886,-5.3095,-6.6764,0.78
1.82,-0.32,-2.62,3.7885,1.3374,0.2937,3.6616,0.7934,1.9223,0.75
-2.74,-2.22,0.49,-6.3978,-3.8067,-4.0825,-1.7957,-2.7096,-3.129,0.82
10.28,-0.24,-1.85,12.5372,9.4961,8.7012,10.4547,10.414,10.5955,0.83
-0.8,0.2,5.33,-3.5725,0.5916,1.4452,-3.2737,-1.2392,2.3648,0.86
-0.84,-1.22,0.5,-3.2288,-1.3836,-0.9585,-0.2384,-0.166,-1.4988,1
-1.76,-0.6,4.08,-5.2768,-0.9529,-0.3456,-2.9737,-2.056,0.2603,0.73
1.84,-0.6,-0.16,1.3953,1.027,1.4918,2.0301,2.0677,1.6041,0.64
7.99,3.27,-5.44,14.3741,9.2925,8.0302,9.4738,7.478,4.9399,0.65
1.22,0.76,-0.11,2.3483,2.2654,1.1536,0.7121,1.0863,1.6776,0.58
-0.84,-1.17,4.1,-3.9203,-1.8694,0.7799,-1.8919,-1.2307,1.6158,0.62
-0.96,0.15,3.73,-2.7555,-0.5376,0.9156,-2.5667,-1.4941,1.225,0.72
5.09,-2.24,-0.85,3.5838,3.4345,2.6088,5.2944,6.4784,4.5685,0.66
1.27,0.62,0.62,0.862,2.0162,2.1806,0.9827,1.3126,0.9118,0.55
-0.74,2.85,-1.68,2.161,1.8182,0.5112,-0.3942,-1.5843,-2.0949,0.62
-1.02,-0.35,2.27,-2.5553,-0.5646,-0.3734,-2.0882,-0.6193,0.2723,0.55
-4.54,-1.59,1.33,-7.9023,-4.8618,-4.7289,-4.4475,-3.3049,-4.9704,0.6
4.02,-1.56,0.79,2.5582,3.0763,2.6046,3.3353,4.7273,4.8617,0.65
6.48,0.23,-2.93,7.2508,6.3059,5.7181,8.4756,5.9752,4.145,0.61
3.88,-0.51,-1.59,4.3974,3.3619,2.5939,5.1448,2.98,3.7663,0.65
0.65,1.23,0.55,1.7118,0.9923,2.0428,0.2257,-0.1553,0.9912,0.56
7.13,-0.64,-0.93,6.8164,6.7619,6.0535,7.4744,7.7078,6.3821,0.53
4.88,-0.53,-0.44,3.6417,4.7404,4.6203,5.6154,5.2127,3.7498,0.6
-1.31,2.84,-2.93,1.8952,0.6198,-0.0928,0.0422,-2.3181,-3.8301,0.52
4.62,-1.32,-0.11,2.8622,4.773,3.0015,4.9564,5.0296,4.6041,0.49
1.03,-0.9,1.41,-0.5972,0.4424,1.4582,1.3063,0.6297,2.075,0.52
-6.45,-3.33,4.84,-11.217,-9.2975,-6.0587,-7.7046,-5.6807,-3.1868,0.52
6.07,-4.2,3.48,1.6926,3.1087,3.9796,4.3145,8.0675,8.9914,0.46
-8.6,2.28,3.22,-8.6943,-5.2713,-5.1654,-10.4962,-7.88,-7.5904,0.45
4.66,-2.41,-1.23,3.929,2.3466,1.4689,5.023,4.9313,5.0259,0.46
1.17,-1.93,-0.08,-0.3137,-0.9943,0.0846,1.6752,1.7776,1.1078,0.39
-3.27,0.09,0.33,-3.5713,-3.5141,-2.4496,-2.9737,-3.3988,-3.4264,0.49
12.47,-1.8,-3.17,12.0708,10.7044,8.7213,13.5284,12.8513,10.5312,0.42
4.39,3.48,-5.98,9.1709,6.3331,4.6308,7.056,3.007,-0.3718,0.43
1.64,0.37,1.59,0.8411,2.1719,3.1932,1.1918,1.867,2.024,0.47
-2.11,-1.69,-0.31,-3.1155,-3.4694,-4.0897,-2.2783,-1.3911,-1.9266,0.44
0.11,-0.52,0.17,-0.6829,-0.3688,0.3755,1.094,-0.6016,0.3769,0.38
3.94,-2.21,1.01,0.9849,2.7387,2.9795,4.1745,4.9652,4.1988,0.48
3.85,-0.7,0.63,1.7243,2.8146,4.8208,5.1234,3.0415,3.2872,0.46
3.52,-0.74,-0.91,2.4041,3.3104,2.4763,4.2088,3.8786,2.3094,0.47
-2.59,0.52,0.28,-3.0186,-1.7101,-1.8494,-2.3805,-2.7535,-2.9943,0.45
-23.24,-8.38,4.29,-32.9695,-28.5761,-28.1829,-23.779,-20.8262,-19.9809,0.6
-7.77,2.78,3.14,-7.0651,-4.2974,-3.7872,-9.1453,-8.1908,-6.1448,0.35
6.81,0.14,-4.48,8.8991,6.5595,4.2312,8.7808,6.0154,4.4856,0.39
4.21,-0.76,5.09,1.8736,4.606,6.081,1.7733,5.3321,7.742,0.29
4.75,3.33,-1.68,7.9829,7.5035,6.5905,4.9605,4.1436,2.9907,0.46
-2.27,6.13,0.71,3.2731,3.4533,2.8333,-3.5265,-3.6441,-1.6724,0.44
0.56,0.96,1.68,0.9103,1.4819,2.0909,-1.1051,1.6297,1.0834,0.46
-0.29,-2.63,2.31,-3.4344,-2.298,-0.9403,-0.5093,0.123,1.6164,0.51
4.79,2.16,-1.07,7.1192,6.4654,5.7922,4.2846,5.148,3.4751,0.49
-1.25,-0.21,2.26,-2.9486,-0.6104,-0.1902,-2.0534,-0.7785,-0.2888,0.51
-3.31,0.12,2.17,-4.7009,-2.2553,-1.8327,-3.4666,-3.7101,-1.9857,0.59
3.3,-1.33,-0.7,1.9989,2.3021,2.0319,4.4588,2.8475,3.0236,0.62
1.15,-2.89,1.72,-2.6549,-0.6332,0.0235,1.6752,1.309,2.4335,0.61
-2.29,-1.77,1.21,-4.4011,-3.1886,-3.3073,-2.2471,-2.4262,-0.9287,0.57
1.49,1.89,-1.42,3.2316,3.2109,2.425,2.1456,0.9309,0.1131,0.63
6.1,-2.12,0.53,3.8007,3.953,4.903,6.5232,6.016,6.4818,0.55
-2.25,2.78,0.94,-0.1456,0.1491,0.7526,-2.9505,-2.6586,-1.9717,0.61
1.57,0.74,0.49,1.8734,2.3336,2.7747,1.8496,0.973,1.9294,0.67
4.33,-0.55,-1.45,4.19,3.6805,3.2565,5.3251,4.1023,3.3522,0.67
3.35,0.04,-0.74,3.862,2.9596,3.2321,3.9907,2.7902,3.1488,0.79
-1.35,-1.01,2.18,-3.8018,-1.4609,-0.7998,-1.6662,-1.0422,-0.312,0.71
7.2,-4.02,-2.87,3.7915,3.364,2.7439,10.0874,6.4836,5.396,0.7
1.44,0.47,0.7,1.8965,2.0871,1.7621,0.3438,2.1041,1.88,0.74
-0.76,0.3,-1.28,0.6877,-0.5096,-1.4316,-0.1192,-1.4747,-0.5658,0.65
-3.67,-3.26,-1.02,-5.724,-6.4293,-7.045,-2.074,-4.5548,-2.7937,0.68
1.03,-1.28,-1.09,-0.0314,0.1004,-0.8803,1.6929,0.9595,0.3665,0.69
1.16,-2.38,0.27,-0.4838,-1.0329,-0.8117,1.0751,1.8104,1.9404,0.61
-7.85,-1.3,0.81,-9.7775,-8.2485,-8.5715,-8.0757,-6.9497,-7.6632,0.57
1.11,1.02,0.63,2.669,2.0337,1.7158,-0.2391,1.6342,1.9695,0.57
1.83,1.52,-2.91,3.8059,3.177,1.6488,3.5057,0.7309,-0.1642,0.64
-3.36,-0.51,-2.52,-3.6163,-3.7721,-5.0663,-1.5868,-4.1559,-5.1855,0.69
8.42,-2.54,-3.75,7.8598,5.703,3.7084,10.1405,7.95,6.7903,0.68
-1.09,1.4,-2.02,0.5132,-0.1876,-0.7013,0.6409,-3.0256,-2.1887,0.63
-1.9,-3.21,-0.02,-5.1648,-4.4456,-4.9309,-1.9568,-0.7154,-2.2407,0.68
-10.15,-3.59,1.58,-15.3812,-12.9072,-12.0202,-10.3774,-8.5829,-10.5871,0.66
-6.12,-3.64,0.77,-10.8896,-8.9378,-8.7153,-6.3406,-4.3003,-6.9734,0.6
-1.92,-5.53,0.24,-6.6162,-6.2877,-6.565,-0.337,-2.6423,0.0954,0.68
6.35,0.34,-3.14,8.4203,5.9236,4.3335,6.8053,6.2259,4.6188,0.57
2.46,0.78,-1.6,3.5769,2.8824,2.1859,3.1486,1.8024,1.3443,0.6
4.69,3.81,-1.83,8.8151,7.7759,7.1773,5.8032,2.7363,3.7865,0.52
7.19,3.94,-0.53,11.2053,9.7601,10.8463,7.3278,6.0428,6.6195,0.48
2.65,3.91,-1.21,7.3557,4.7943,6.1798,3.5838,0.674,2.3302,0.44
-0.28,0.49,1.37,-1.1447,0.8219,1.0419,-0.7825,0.2667,-0.2216,0.53
3.65,-0.33,-0.56,3.85,4.3548,2.1883,4.1997,2.4344,4.7489,0.47
-4.94,0.07,1.23,-5.7492,-3.6606,-4.4839,-5.29,-4.7286,-4.0955,0.42
4.24,-0.94,-1.3,3.7334,3.0586,2.4701,4.9337,3.5531,3.6055,0.49
2.32,1.61,-0.78,3.9568,2.6541,3.8825,2.8967,1.3604,1.4119,0.46
-1.59,1.65,-0.96,0.765,0.2136,-1.47,-2.6621,-0.4158,-2.3554,0.46
1.29,0.91,-0.44,2.6914,2.1701,1.5361,1.0748,1.2496,1.3463,0.42
-4.19,-0.48,-1.92,-5.192,-4.1528,-5.9129,-2.8862,-4.9072,-6.0129,0.39
10.84,-2.22,-4.01,9.7904,6.3547,7.1683,14.056,7.2622,8.6548,0.38
-0.59,8.48,4.56,7.2882,7.1104,10.2068,-2.5919,-1.8502,3.6172,0.34
1.09,0.88,6.37,0.4889,2.5599,6.7427,0.0988,0.4604,6.5833,0.28
-2.66,-1.04,3.66,-6.6927,-1.5788,-1.0233,-3.106,-1.62,-1.4575,0.34
1.07,-6.12,4.3,-5.8821,-2.7287,-1.3404,-0.1491,4.649,3.9044,0.32
0.3,0.39,1.26,-0.9381,0.6356,2.2166,0.6,0.1817,-0.0394,0.28
-2.34,-3.1,3.4,-6.4937,-3.5381,-3.0285,-2.8202,-1.467,0.5124,0.32
3.77,-0.43,-0.52,2.3059,3.0462,3.5164,4.0352,4.3476,1.7752,0.31
-2.38,-0.1,-1.02,-4.5757,-1.787,-2.872,-1.3983,-2.386,-5.1476,0.26
1.19,0.56,-0.2,1.2112,2.1891,1.2019,1.3615,0.5878,0.9631,0.26
1.02,2.04,-2.1,4.1478,2.2673,1.4171,2.1624,-1.1508,0.6911,0.23
4.13,3.68,-1.48,9.3995,6.2003,6.4558,4.3533,2.3269,4.3301,0.23
1.53,1.65,2.54,2.3011,3.3782,4.66,0.4143,1.8415,3.1263,0.28
0.93,2.03,5.87,1.0779,3.7666,6.3263,-1.3392,1.2673,5.1587,0.23
0.12,-3.43,6.42,-6.5979,-0.3066,0.8688,-2.5107,3.892,2.8623,0.22
2.3,0.24,1.23,1.8747,2.2918,3.3864,1.5277,2.834,2.473,0.25
-3.05,-0.69,2.61,-3.9809,-2.7881,-2.8395,-5.2567,-1.1058,-1.1765,0.24
2.89,1.95,-3.42,6.4285,3.0001,2.8533,3.7812,2.1415,0.514,0.22
0.31,-0.29,2.63,0.4716,0.2193,1.2746,-1.2734,0.9444,3.177,0.25
-0.34,0.94,3.23,-0.6044,1.2385,2.0181,-2.4602,0.9031,1.3867,0.24
3.71,0.3,-0.4,3.7311,4.4335,3.082,3.354,3.7924,3.2052,0.25
-0.12,3.11,-0.46,2.9818,2.0517,2.2807,-1.0146,0.2297,-1.2374,0.26
1.41,1.45,-1.57,3.6533,1.4822,2.4128,2.7569,-0.4217,0.8603,0.22
-1.89,-1.41,-0.26,-3.5416,-2.9723,-2.6382,-0.2988,-2.8952,-1.714,0.25
1.65,1.22,0.61,2.3564,3.6441,2.5161,1.1497,1.5122,2.2014,0.23
2.87,0.11,2.1,1.67,2.659,4.8071,1.755,4.2214,2.8255,0.25
-2.55,2.7,-1.37,-1.1213,0.6036,-1.1169,-1.8423,-3.315,-4.5889,0.21
-4.78,-0.98,1.3,-6.4865,-5.0992,-4.6105,-4.9589,-4.0585,-4.2367,0.27
0.68,-0.92,1.65,-1.0678,0.37,1.098,0.1109,1.7982,1.2494,0.27
0.58,-2.01,0.13,-2.8538,-1.3422,-0.2776,1.177,1.5235,-1.1424,0.31
-3.03,-0.48,1.76,-5.0627,-2.3901,-2.3542,-3.3598,-2.4682,-2.5539,0.31
2.82,-1.73,0.58,1.2055,1.0741,1.8675,2.7682,3.2857,3.2733,0.28
4.01,1.35,-2.81,6.8712,4.1781,3.7045,5.4166,2.3423,2.9592,0.37
-2.31,2.83,-1.89,0.2104,-0.4179,-0.7592,-1.5626,-3.5318,-4.3681,0.37
1.34,-2.35,-1.76,0.2309,-0.4329,-2.1859,1.8705,2.018,0.7647,0.38
-4.04,0.27,-0.96,-4.2502,-3.64,-4.0531,-3.3415,-3.9591,-5.4536,0.37
0.86,0.04,0.55,0.3249,1.4308,1.1468,0.9686,0.5639,1.2406,0.44
1.8,-2.65,0.82,-1.5329,-0.9157,0.7357,1.7617,3.3566,1.1236,0.42
3.63,-0.67,1.07,3.3707,2.5272,3.9418,3.6856,2.9167,5.2623,0.4
2.19,-0.71,-1.07,2.268,1.5113,0.6487,2.5379,1.9972,2.0089,0.46
2.11,-0.62,2.26,0.5166,2.7816,2.6751,1.6195,2.2321,3.9861,0.44
2.9,-2.2,1.7,0.3466,1.0892,2.4676,3.0769,3.0611,4.3533,0.54
2.72,2.93,-2.29,6.9137,4.4405,3.6329,3.2809,0.9378,1.9828,0.47
3.72,2.09,-1.69,7.509,4.1652,4.5204,3.4851,3.3611,3.0891,0.45
0.55,1.58,2.67,1.5143,2.3765,3.5566,-0.537,0.49,2.766,0.47
3.35,-2.06,-0.76,1.9705,1.6585,1.0558,4.1966,3.0874,3.5868,0.43
-1.52,-3.74,-0.72,-6.2324,-5.6113,-4.2118,0.0259,-1.4184,-3.4324,0.47
3.96,-1.17,0.9,3.2024,2.7228,3.5348,3.5524,4.3965,5.0151,0.42
1.03,0.56,0.84,1.4022,2.0994,1.6923,-0.034,2.1731,1.3613,0.49
2.26,-2.68,0.4,-0.2969,-0.3078,0.445,2.5514,2.7186,2.6073,0.43
1.33,1.9,-1.38,4.4359,1.8019,2.5338,1.5135,0.9164,0.6507,0.39
0.73,1.29,1.03,2.0365,2.244,2.2135,-0.3355,1.4219,1.5376,0.39
2.06,4.93,-3.91,8.2857,4.2098,4.1904,2.5099,0.6096,-1.219,0.46
2.36,3.06,-1.19,5.5922,4.2047,4.7779,3.3076,0.3355,1.7382,0.42
-1.14,-3.6,1.58,-6.443,-3.154,-2.8364,-0.3368,-0.509,-0.7785,0.4
-5.97,-3.84,4.47,-14.2116,-6.7305,-6.0279,-5.94,-4.3096,-5.1898,0.45
2.77,2.31,-0.41,6.6544,4.2985,4.235,1.6479,3.3555,3.2403,0.41
5.01,-0.9,-3.19,4.8645,2.045,2.6312,6.3159,3.7713,2.1601,0.44
0.86,-4.45,5.07,-5.4622,-0.4932,0.4312,0.3451,2.8989,4.5918,0.42
6.25,-3.91,1.18,1.2807,4.1926,3.5441,6.7619,7.1351,6.8584,0.41
-1.7,3.21,0.91,0.127,2.2416,1.489,-2.2503,-1.7292,-1.7952,0.46
4.98,-1.83,-1.66,3.6181,2.7407,2.527,6.2537,4.0957,4.0325,0.45
-0.49,-2.9,5.21,-6.7545,-0.8949,0.89,-0.5228,0.2183,2.2583,0.39
-5.02,-0.38,3.82,-8.8965,-4.0771,-2.0801,-5.934,-2.8624,-5.1187,0.43
4.04,-5.66,-0.07,-3.7016,0.4174,-0.8503,6.1242,3.6037,3.1266,0.43
6.74,4.91,-3.87,15.1173,9.2603,7.9368,6.4486,5.248,5.8945,0.49
4.1,1.31,1.26,3.2351,5.101,6.4893,3.7409,4.1346,3.0134,0.37
7.33,-2.8,0.84,4.3337,4.9496,5.4188,7.0262,8.4502,7.6229,0.43
-4.15,7.3,1.37,3.5482,2.8073,2.8059,-5.9826,-4.2586,-2.5064,0.41
5.35,2.61,0.02,8.4101,7.3129,7.6897,4.7488,5.3215,5.5077,0.44
-3.8,-0.7,1.99,-6.5704,-3.9422,-2.5967,-3.3784,-4.2648,-3.3788,0.42
2.98,-4.95,0.81,-3.8123,-1.034,-0.0861,4.7586,2.4858,2.6593,0.39
1.32,-2.36,3.48,-2.645,0.4798,1.6148,0.9303,1.9456,3.6391,0.48
0.15,-1.15,-1.47,-1.0098,-1.8247,-1.2673,2.481,-2.9342,-0.1997,0.43
7.04,0.01,-0.12,7.9946,6.699,6.9552,6.5105,7.8154,7.3062,0.39
4.76,-0.93,1.03,4.0431,4.1436,4.4749,4.5163,4.7931,6.1488,0.39
0.73,0.22,0.73,0.2376,1.0151,1.7586,0.5055,1.395,0.453,0.43
-3.07,-3.73,4.15,-7.699,-5.124,-3.1738,-2.7811,-3.0184,0.9972,0.4
3.18,-3.16,-2.32,0.1146,-0.918,-0.5979,5.484,1.0411,1.5661,0.41
-2.46,-5.13,-0.96,-8.2374,-7.9902,-7.4035,-0.8904,-3.71,-3.6489,0.4
-16.08,-5.3,3.4,-24.8983,-18.8167,-18.6218,-14.2702,-18.3988,-13.7549,0.43
6.15,-0.14,-3.32,8.48,4.6998,2.9438,7.2776,3.093,6.1711,0.46
7.13,-3.3,-2.21,4.436,3.419,2.6974,7.6226,7.8838,4.9445,0.32
6.1,1.08,-3.14,8.658,5.5217,5.0395,6.8258,4.9738,4.169,0.31
6.16,-0.34,-4.46,6.2624,3.0639,2.3427,8.2036,1.2761,3.2071,0.38
3.5,0.38,-4.03,3.8597,1.5836,0.3409,4.7731,-0.3584,0.2377,0.35
-4.08,-5.67,1.4,-9.533,-7.6044,-8.4112,-4.7925,-0.6321,-3.1059,0.35
3.45,-3.92,-2.65,-0.6562,0.4659,-3.419,3.6008,3.4916,1.0713,0.43
4.33,3.97,2.53,8.5874,10.3897,9.0089,1.9363,7.5609,6.5693,0.37
-2.46,3.43,2.4,1.7148,0.4164,3.8539,-2.8779,-1.2026,-0.2121,0.34
4.77,3.06,-3.59,6.5653,5.435,5.4999,6.1981,2.047,0.0818,0.4
-3.47,2.7,-0.82,-1.5447,-0.8381,-1.7033,-3.3916,-3.919,-4.8757,0.38
-1.38,-1.21,-1.38,-3.1203,-3.4959,-3.6952,-0.4597,-3.576,-2.6503,0.39
-2.81,3.35,-3.44,0.2917,-0.9668,-3.0899,-2.3022,-5.7186,-5.7939,0.39
6.13,-6.89,-2.93,0.1188,-0.6058,-3.2014,6.4348,6.6586,3.885,0.39
3.37,7.43,-6.55,13.2481,5.5275,3.8526,3.9087,-3.7925,0.2129,0.36
7.72,7.2,-8.74,18.5093,7.3238,6.3026,7.8347,0.1449,2.5623,0.44
-4.74,5.05,-0.45,0.0358,-0.715,0.3387,-5.4249,-3.443,-6.6321,0.41
2.45,22.14,-10.57,27.9491,15.015,12.5747,1.1077,-7.3256,-4.6549,0.43
5.2,-17.28,7.94,-14.1187,-4.3478,-1.9417,7.8955,11.9221,11.6037,0.47
-6.4,-7.71,8.56,-15.147,-6.0432,-4.994,-4.92,-0.1778,2.0502,0.46
-4.42,-5.01,2.43,-8.3513,-5.7724,-5.349,-4.1974,2.0916,-2.3459,0.5
4.64,14.03,-10.1,17.6112,8.4823,8.2308,4.7514,-6.4574,-6.0643,0.4
-2.51,-2.79,8.14,-7.7653,0.8564,1.7033,-3.5326,3.4265,3.2789,0.48
7.03,-1.13,-0.67,8.1486,4.9024,6.021,7.1254,7.4282,7.9045,0.5
-5.45,-1.39,6.25,-7.8389,-1.0418,-1.0083,-6.5058,1.6054,-0.8336,0.51
-2.76,-3.76,5.52,-8.9715,-1.8748,-2.1918,-2.6734,-0.6762,1.5864,0.56
-10.72,-2.79,11.3,-17.0097,-4.8678,-3.2564,-11.1601,-3.2965,-2.3108,0.51
1.19,0.97,7.33,2.262,8.467,7.9219,-0.603,7.9376,8.4064,0.5
3.13,6.57,-4.91,12.1787,4.7162,5.9849,3.058,0.6753,-0.5595,0.54
-10.05,-0.74,12.9,-13.0295,-0.9893,0.1309,-11.6569,-0.9991,0.9861,0.38
-7.26,0.34,6.46,-8.1018,-1.3631,-1.8425,-8.434,-2.1051,-1.7822,0.42
7.94,0.52,-4.69,10.1402,4.2564,4.8482,8.5408,4.681,4.4611,0.39
0.72,2.6,3.14,3.6403,4.3599,5.8589,0.0945,1.8101,4.1616,0.32
-1.94,6.05,-1.06,6.1978,4.6743,2.2937,-2.3821,-2.0007,-0.5938,0.28
-2.13,-4.36,5.59,-9.3853,-4.8455,-1.2557,-2.113,-1.2365,0.9314,0.3
-6.46,2.49,2.51,-7.5074,-3.0667,-1.5666,-7.2407,-4.2004,-8.1616,0.31
-9.25,-6.11,1.59,-17.4063,-13.4754,-14.2634,-8.3649,-10.133,-8.3214,0.28
2.46,7.61,-8.08,11.2067,4.8171,4.2749,3.1151,0.4614,-6.1145,0.22
7.54,-0.43,2.02,8.5708,7.3326,8.8257,7.7458,6.7228,11.5374,0.17
1.61,4.57,1.1,6.7699,6.5923,6.5645,0.4728,2.862,2.8766,0.15
-1.44,1.19,3.31,-5.061,0.5841,2.8535,-1.06,-1.7963,-2.3471,0.14
-2.29,-1.1,2.5,-8.1681,-1.2471,-1.0756,-2.6083,0.129,-4.7065,0.13
4.24,4.24,1.1,8.8931,7.1666,10.0734,3.4173,5.5697,4.4332,0.13
-5.2,5.94,3.93,-3.8839,2.4733,3.9833,-7.326,-0.6018,-7.3308,0.15
-1.38,-3.22,1.71,-6.776,-3.818,-2.6301,-1.4923,0.1582,-2.2273,0.14
-7.21,4.26,0.15,-7.3763,-3.1264,-2.5193,-7.5982,-6.0401,-12.1614,0.13
-8.18,-5.3,-3.41,-15.1791,-14.5531,-14.9924,-6.5494,-8.7097,-13.5605,0.15
0.5,-2.43,2.48,-0.6357,0.4583,-0.8989,-0.0519,1.0981,5.1724,0.14
-10.35,2.57,1.31,-8.643,-7.6448,-7.0579,-10.9447,-10.2083,-9.9066,0.14
7.84,-2.91,-5.44,6.8464,4.0823,0.239,9.9101,4.3579,5.6333,0.14
5.96,2.84,-1.14,13.3628,7.8305,7.2316,5.0857,5.8908,8.9425,0.12
-5.76,0,2.25,-8.9495,-4.3894,-3.8721,-6.3959,-3.8448,-6.9711,0.11
-2.57,1.39,-0.94,-2.3359,-2.7395,-1.44,-2.843,-2.2258,-5.6188,0.1
-1.88,-0.36,-1.43,-3.8185,-2.3449,-3.5265,-1.4392,-2.5858,-4.5875,0.09
1.09,0.9,-2.1,1.6123,0.5162,0.6725,1.591,0.1839,-1.6773,0.1
8.22,0.55,1.05,10.9894,9.3213,9.1466,7.5229,8.8061,11.4645,0.1
6.05,4.7,-0.3,13.2186,10.8089,9.8238,5,6.9626,7.7925,0.09
1.42,1.66,0.68,2.1107,2.3974,3.7709,1.1618,1.2763,0.8548,0.1
2.35,5.35,-1.08,8.0208,5.8987,6.97,1.8218,2.3044,0.717,0.07
2.34,2.69,2.1,4.4496,4.8221,6.4497,1.9923,1.481,4.1836,0.07
-1.24,0.77,0,-1.7976,-1.9776,0.6685,-1.1925,-0.5715,-3.6555,0.08
6.08,2.84,1.88,8.3098,7.9917,10.8243,5.0341,7.2834,6.2846,0.07
1.35,2.16,1.95,2.7365,3.5617,4.8863,0.7788,1.4054,2.5346,0.07
4.29,-3.07,2.39,0.9919,2.4201,3.0952,4.1885,4.6755,6.8597,0.08
2.15,2.76,1.95,3.6793,3.6857,6.8517,1.5039,2.2055,2.2347,0.07
1.4,-1.43,0.5,0.5284,0.8858,0.0812,1.1767,1.9933,2.6144,0.06
-1.32,1.76,0.23,1.2028,0.3181,0.3267,-2.0542,-0.6722,-0.7144,0.09
-1.83,-2.1,-2.65,-3.4989,-3.4207,-6.2706,-0.4056,-3.5488,-2.9415,0.08
1.17,-0.18,-0.36,1.1039,1.0245,0.6435,1.3003,0.9615,1.0442,0.06
1.86,2.23,1.34,3.2666,4.7149,4.4771,1.2705,1.7467,2.7414,0.08
-4.06,-3.79,4.11,-9.9433,-5.3862,-4.7272,-4.6476,-2.385,-1.6401,0.1
0.08,-1.58,0.97,-2.419,-0.2816,-1.017,-0.4954,1.471,0.046,0.11
1.6,3.04,-0.24,5.5981,4.8581,3.4297,0.7735,1.5414,2.4653,0.11
1.43,0.31,-0.61,2.9137,1.2258,1.2715,1.5813,0.9081,1.9993,0.11
4.54,3.9,1.81,8.072,8.5956,9.2562,3.4976,4.7986,5.938,0.15
3.43,0.13,-0.07,4.1462,2.2369,4.0503,3.5159,3.0618,3.4669,0.16
-2.76,-1.52,1.96,-5.6356,-3.3573,-2.6078,-3.1569,-1.6327,-2.2634,0.16
1.89,-0.5,1.65,0.4669,2.0385,2.7612,1.884,2.0025,2.8919,0.16
-1.97,-1.41,1.57,-4.2866,-2.4296,-2.254,-1.539,-2.7792,-0.4359,0.21
-2.61,-4,-0.35,-6.5716,-6.1872,-6.3864,-1.9802,-2.3046,-2.8599,0.21
3.65,2.87,-0.81,7.1347,6.0169,5.4125,3.5376,2.7835,3.6356,0.24
0.57,2.59,2.65,2.4611,3.9246,4.3007,-1.0127,1.4693,2.4463,0.23
3.92,2.93,-0.51,6.5297,6.5907,6.1099,4.3412,2.3702,3.7326,0.24
-1.22,-0.92,1.27,-2.4963,-1.4231,-1.495,-1.6012,-0.99,-0.0718,0.3
0.49,-0.58,0.77,0.1345,0.4035,0.2025,0.0608,0.9029,1.5238,0.29
-2.02,-1.21,0.23,-4.0946,-2.8609,-2.7005,-1.4009,-2.2882,-2.327,0.27
3.61,0.91,-1.18,4.8855,4.2093,3.5688,3.7708,3.4492,2.7228,0.31
-0.25,-0.46,0.44,-0.4288,-0.6711,-0.4721,-1.0408,0.9684,-0.124,0.32
3.04,5.42,1.12,8.2126,9.0235,7.8071,1.4659,3.1946,4.1198,0.35
-0.3,-0.38,-0.25,-0.7796,-0.6638,-0.6802,-0.5213,0.6519,-1.1286,0.34
1.46,3.55,0.61,3.8971,4.7159,5.273,1.2978,0.8052,1.1338,0.37
0.73,-1.34,2.59,-1.0139,0.6058,0.8497,-0.423,1.9736,2.898,0.36
-3.57,-3.04,2.55,-8.1697,-5.2351,-4.3397,-3.4779,-2.9508,-2.2006,0.43
-0.35,-0.35,0.87,-0.9519,-0.0962,-0.2234,-0.4823,-0.2697,0.5355,0.4
-0.78,-4.08,2.94,-6.2949,-3.1146,-2.6033,-1.1647,0.3664,1.0174,0.4
2.03,0.9,-1.72,2.8256,2.2132,2.1916,2.955,1.4107,0.1578,0.42
1.84,-1.37,0.05,0.5239,0.6385,0.7163,2.0898,1.9138,1.9892,0.41
3.23,1.73,-0.04,5.5988,4.6004,4.4611,2.9552,2.5189,4.0038,0.41
1.71,0.86,0.07,2.2592,2.3173,2.5671,1.4019,1.9391,1.2269,0.42
0.87,-1.1,3.16,-1.1442,0.2609,2.0235,-0.0658,1.4222,3.0874,0.4
1.4,0.1,-0.11,1.9177,0.404,1.923,1.4628,1.2497,1.2279,0.44
-1.96,1.32,-0.09,-0.5421,-0.5011,-1.1327,-2.3373,-1.8793,-1.9335,0.38
0.68,-0.06,-0.22,0.9921,0.8145,0.2341,0.4243,1.0735,0.7365,0.43
3.49,-2.06,-1.15,1.911,1.6321,1.0273,4.4042,3.3766,2.9836,0.44
3.24,0.03,-0.05,3.7543,3.5539,2.6603,2.7877,3.3104,3.7893,0.41
-1.96,0.77,-1.13,-0.9296,-1.4421,-2.1007,-1.4535,-2.8051,-2.5366,0.4
-3.73,-2.51,-3.34,-5.2553,-6.1723,-8.2207,-1.8142,-4.7572,-5.5334,0.4
0.92,-0.13,-2.24,1.3096,1.7513,-1.2248,1.3619,1.4391,-0.5771,0.42
3.22,-2.29,-1.87,2.3227,0.4368,-0.1118,4.4515,1.9262,3.1547,0.32
1.8,0.22,-2.59,3.435,1.3436,0.2692,2.7402,0.9318,0.7193,0.32
-4.83,-2.63,-1.18,-7.5025,-7.1412,-8.0083,-3.5119,-5.8718,-5.3684,0.34
-0.87,0.2,-0.52,0.0663,-1.2051,-0.9184,-0.6649,-1.2747,-0.7116,0.27
-6.36,-0.89,3.65,-8.6034,-6.1841,-4.4018,-7.6351,-4.3354,-4.5365,0.21
-3.09,-0.23,-0.95,-4.3829,-3.0757,-3.8171,-2.3202,-3.4802,-4.7804,0.13
-0.93,0.94,-0.15,-1.7003,0.9088,-0.1796,0.637,-3.2562,-1.1756,0.17
4.6,-1.64,-0.96,5.0072,3.073,1.6394,3.5774,6.0394,5.0221,0.18
1.86,3.21,-1.38,5.33,5.3362,3.045,2.082,0.382,1.6025,0.18
-8.44,1.27,-2.43,-7.6252,-7.7102,-8.7092,-7.3649,-9.357,-11.1387,0.17
-0.77,2.47,5.81,2.0684,2.4761,5.4051,-1.4788,-2.8045,6.8116,0.15
1.53,3.61,1.56,2.9239,3.8159,6.8718,1.3187,0.9828,0.481,0.13
-9.24,-1.13,6.33,-11.3444,-7.4925,-6.6166,-9.7811,-10.4226,-1.8489,0.15
-17.23,-2.33,-2.89,-22.061,-19.2667,-20.5673,-15.0669,-17.491,-22.3461,0.08
-7.86,-2.99,-5.94,-12.0997,-10.8242,-14.3886,-6.0771,-6.6009,-15.6733,0.03
1.74,3.59,-0.24,5.0134,4.4526,5.2002,1.8129,0.9211,1.1523,0
-8.12,-0.01,-11.1,-7.459,-10.2012,-15.8943,-4.991,-9.7739,-18.7514,0
-10.1,0.17,-7.25,-9.67,-11.1767,-15.1152,-7.4382,-12.5286,-16.4917,0.01
8.95,-0.09,3.53,9.1012,10.3739,10.8273,8.1269,8.9793,13.452,0.02
10.19,4.83,5.46,16.5361,16.616,17.284,7.4677,10.8261,17.6488,0.01
5.21,-2.33,-0.21,3.7055,3.0481,2.4378,4.5972,6.1534,5.4403,0
0.43,2.61,-2.71,5.242,1.6267,0.8433,1.196,-1.4806,0.177,0.01
7.72,2.07,5.28,6.6529,10.1616,14.0829,6.7004,8.1729,9.821,0.01
3.33,-0.9,7.76,1.1231,2.8158,8.7357,1.8539,3.7537,9.7592,0.01
4.08,2.45,0.92,6.5359,5.5799,7.5682,3.5487,4.4333,4.3501,0.01
-2.59,-4.22,-4.17,-6.8041,-6.1239,-9.3815,-0.5892,-2.6852,-6.361,0
5.56,-2.49,-0.17,1.718,2.0422,4.0862,6.6208,4.8007,3.9095,0
2.75,6.11,0.01,8.3708,8.1093,8.5422,1.8903,3.0735,1.7423,0.01
-3.36,0.38,0.31,-3.6856,-3.027,-2.7808,-4.0628,-2.2286,-4.3552,0
3.4,1.2,3.16,3.4717,3.9438,7.5523,3.1383,2.8337,5.3835,0
6.31,1.42,2.1,7.0406,8.0906,8.8778,5.3257,6.7291,7.6799,0.01
2,4.98,2.81,4.1733,6.1295,9.3835,0.9707,2.3856,1.3858,0.01
-7.89,0.05,-2.38,-6.0481,-7.0611,-10.4567,-7.4511,-8.4447,-7.8124,0.01
-5.56,-1.97,-4.5,-5.9979,-7.4489,-10.9869,-4.5891,-5.333,-8.5936,0.01
6.93,0.16,-0.27,6.9098,6.6736,7.2195,6.6874,7.7779,5.8459,0.01
-4.77,-3,-1.95,-6.8768,-7.918,-8.5882,-4.1073,-3.9744,-6.2988,0.01
9.54,3.92,-3.12,14.1223,12.5507,11.0195,10.0261,9.0206,6.8956,0.01
3.88,1.15,-2.59,4.7777,4.0527,3.5955,4.6337,3.7146,0.6381,0.01
0.6,3.7,-0.9,3.5366,4.2423,3.2558,0.5224,0.4101,-1.0043,0.01
6.82,0.7,3.81,7.0684,8.3018,9.5081,4.9005,7.8152,10.0727,0.01
1.99,-2.47,0.81,-0.3427,-0.1218,0.472,2.0542,2.4975,2.8597,0.01
3.49,1.52,1.09,5.0055,5.4122,5.3909,2.6126,4.2329,4.3973,0.01
0.45,2.6,-1.55,3.4878,2.5117,1.9183,0.0918,1.4505,-1.4392,0.01
2.9,-0.34,-2.51,3.496,2.0662,1.0287,3.6683,2.8444,1.1087,0
-1.27,-0.7,-2.06,-1.5599,-2.0347,-3.397,-0.536,-1.5307,-2.8282,0
-1.75,-0.18,-0.31,-1.9844,-1.8829,-1.9619,-1.4872,-1.6806,-2.1289,0
-2.36,-1.31,-1.23,-4.4699,-3.97,-3.4073,-0.8948,-2.6131,-4.4229,0
-5.99,-3.06,-2.44,-8.9985,-9.102,-9.8745,-4.1416,-6.5052,-8.1429,0.01
-7.59,-3.48,-1.46,-11.0398,-11.5458,-10.9564,-6.3412,-7.4113,-9.3369,0
11.35,3.41,-0.17,15.5261,15.7129,13.2344,9.9704,12.3648,11.9142,0
-0.28,-0.17,-0.35,-1.8651,-0.1093,-0.25,-0.2262,1.0502,-2.5383,0
0.74,-0.71,1.74,-0.4894,0.5696,1.1734,-0.1642,1.8865,1.6531,0
5.05,2.15,-1.09,7.9532,7.0818,5.8473,5.6153,3.2899,5.5342,0
4.42,-1.75,0.09,3.4033,2.4147,2.8384,4.6926,3.7542,5.4466,0
3.11,-0.61,0.87,2.4855,2.948,2.7628,3.783,0.9857,5.2464,0
-0.85,-0.52,-0.47,-1.3546,-2.1234,-0.9655,-0.5746,-0.411,-1.9023,0
-6.19,0.02,-0.62,-6.223,-6.5921,-6.0873,-5.6669,-6.2656,-7.0335,0.01
3.89,0.77,0.44,5.8424,4.3935,4.6005,2.7984,4.8014,4.9197,0
0.79,-2.58,-0.25,-3.0247,-0.7342,-1.8171,1.2481,1.3832,-0.4658,0
2.55,0.41,1.28,3.052,3.5695,3.3825,2.4328,1.6902,4.6557,0.01
2.73,0.5,1.52,3.1624,3.7076,3.8872,1.8527,3.218,4.1753,0.01
-1.76,-1.14,3.79,-3.9498,-1.282,-0.7544,-2.6456,-1.6628,1.7463,0.01
0.78,0.59,-0.96,0.9673,1.0189,0.7203,1.1687,0.2776,-0.5111,0.01
1.18,1.47,3.55,2.6229,3.403,4.4006,-0.2397,1.1533,5.0899,0.01
5.57,0.39,0.92,7.0522,6.1216,5.9534,4.5996,5.824,7.5323,0
1.29,-0.45,0,1.0891,0.7631,0.9996,1.3256,1.4489,1.4178,0
4.03,0.79,-0.26,5.3683,4.3456,4.5522,3.6879,4.235,3.9812,0
1.55,-2.44,0.59,-0.829,-1.0825,0.0029,1.6855,1.673,2.0407,0
2.8,1.67,2.55,5.1612,5.4451,5.0141,2.0441,1.274,7.2945,0
-1.2,1.22,-0.19,0.0057,-0.047,-0.3091,-1.8129,-0.3134,-1.8693,0
5.65,1.86,0.55,7.414,7.1918,7.8117,5.5534,5.0166,6.2628,0
-2.71,0.3,-2.78,-0.8819,-3.6395,-3.8177,-1.7389,-3.1524,-4.3624,0
3.77,2.94,-1.18,6.0257,6.7576,5.5214,4.1676,3.0094,2.3039,0
4.18,-1.49,1.15,1.1286,2.9675,4.0682,4.4981,4.2829,3.8494,0
3.12,1.24,0.24,4.888,4.1148,4.3268,3.3632,1.8582,4.3975,0
2.81,-0.5,-0.3,1.9879,2.5958,1.7671,2.4257,3.3758,2.0499,0
-3.32,0.87,-2.08,-0.1452,-4.2073,-3.7014,-3.1493,-3.7513,-3.759,0
4.65,0.33,-0.39,3.9536,4.9113,5.0121,5.0192,4.6761,3.1815,0
0.43,-1.89,5.09,-3.3728,1.1194,1.4527,-0.8554,1.2215,4.4959,0
-0.19,-4.25,1.14,-6.1426,-3.1006,-2.8891,0.2703,1.0474,-0.7036,0
2.06,-1.83,-0.26,-0.6433,0.8587,0.0439,2.4958,1.9755,1.2841,0
2.61,3.06,-0.74,7.2364,4.8816,4.4897,1.7456,2.6484,3.0196,0
-2.04,-4.23,0.01,-6.3015,-6.2824,-5.4054,-1.4398,-1.5223,-2.3238,0
4.24,0.37,-0.57,5.0641,4.0127,4.5161,4.9729,3.1326,4.3868,0
-1.97,-3.82,-1.22,-4.7094,-5.4375,-6.4312,-1.1902,-2.0136,-1.905,0
2.52,4.23,-1.69,7.4129,5.8639,5.3223,2.8098,1.5885,1.5233,0
2.55,-2.06,-2.99,1.7353,-0.3683,-0.8716,3.794,2.4716,0.4229,0
-0.06,2.54,2.07,2.38,2.527,3.2995,-1.2085,-0.203,2.0113,0
-3.11,-0.57,-3.47,-2.975,-4.8089,-5.1063,-1.5549,-3.2666,-6.3582,0
6.13,0.53,-1.77,7.4759,6.8499,5.1275,6.6039,5.8353,5.4116,0
-1.12,3.05,-0.45,2.1299,1.7142,1.1173,-1.3323,-1.6251,-1.2266,0
0.59,-2.97,1.85,-3.1616,-1.9548,-0.7363,0.266,1.2573,1.5365,0
1.36,0.94,-1.33,3.1244,2.4268,0.8501,1.3112,1.3505,0.9272,0
-1.53,2.81,-0.81,2.4437,0.3013,0.5187,-1.7012,-2.0598,-1.3926,0
1.54,-4.15,-4.14,-0.2772,-2.4187,-5.6146,3.0555,0.9593,0.1214,0
-6.04,0.49,2.69,-8.9313,-4.7236,-3.2525,-6.2457,-5.6046,-6.5345,0
-3.08,-2.64,0.53,-7.7339,-4.5454,-4.8528,-2.248,-2.8917,-4.0762,0
7.75,-1.98,-0.09,4.4412,6.6255,5.8869,7.9612,8.6144,6.3272,0
0.56,3.64,-0.51,5.785,3.2656,3.6719,0.4726,-0.2447,1.5626,0
-2.17,-2.81,-2.57,-3.8108,-5.0272,-6.7684,-1.3136,-2.367,-3.4899,0.01
-5.77,-3.39,2.1,-13.845,-7.8412,-6.8473,-5.1913,-5.1811,-7.9961,0.01
-0.07,0.78,-0.48,-0.6955,0.9298,0.5089,-0.0199,0.5871,-2.1776,0.02
6.96,0.89,1.14,7.8888,7.7673,8.5433,6.5801,6.7542,8.2062,0.02
0.92,0.67,3.25,2.4526,1.1367,3.7272,-0.6356,1.3385,4.5927,0.01
1.78,-0.26,-1.8,2.3223,1.2683,0.2182,2.1184,1.8355,0.625,0.01
-0.05,0.65,-1.49,0.5308,-0.7082,0.0972,0.0245,0.4464,-2.514,0.02
3.95,2.64,-1.13,6.9806,5.7648,5.8558,4.8005,2.218,3.6609,0.02
0.5,1.17,3.34,0.9393,2.6873,3.456,-0.4212,0.2411,3.7431,0.02
0.25,2.01,-1.49,3.3251,1.4093,1.1939,0.4622,-0.1882,-0.3797,0.02
-2.02,-4.36,4.16,-8.2974,-5.0429,-3.0464,-2.1121,-2.1555,0.9649,0.02
4.86,5.48,8.27,8.7917,12.367,14.7938,1.7897,5.3958,12.3363,0.01
1.82,0.08,3.61,-0.5095,2.7808,4.5317,1.2563,1.8837,3.4322,0.03
1.94,-1,-2.75,2.0793,-0.1713,-0.5754,3.2282,0.7238,0.3892,0.04
3.57,-1.99,-1.79,3.6106,0.9919,0.303,4.3567,2.4413,4.0867,0.04
0.17,1.2,-3.17,2.3195,-0.1279,-0.4064,1.0504,-0.305,-2.5547,0.03
1.09,0.73,-1.91,1.6872,1.4773,0.7345,1.9693,0.6419,-0.8919,0.05
1.06,-2.54,-3.75,-0.9471,-1.6548,-3.9019,2.9013,-0.1313,-1.6533,0.06
0.78,2.15,1.32,4.7193,2.9497,3.1743,-0.1861,0.5711,3.9987,0.06
1.87,-1.42,-0.28,0.6544,0.4937,0.5512,2.4878,1.4254,2.0399,0.07
0.16,-1.71,-2.26,-0.5937,-2.2579,-2.5847,1.3175,-0.3972,-1.2179,0.09
2.51,4.53,3.02,5.6128,8.1398,8.2462,1.2279,2.5487,4.6341,0.09
2.25,-1.95,-0.08,0.2341,0.2379,0.6779,3.3102,0.9942,2.6998,0.09
3.12,-0.63,0.02,2.3243,2.7335,2.5992,3.3729,3.0335,3.1394,0.08
1.06,-1.27,0.11,0.7597,-0.7441,-0.0127,0.8524,1.1216,1.8424,0.09
5.58,-3.06,-1.41,3.0818,2.9539,1.6092,6.5476,5.0927,5.1957,0.11
-3.65,0.28,-1.2,-3.1955,-3.753,-3.9833,-2.5856,-4.9857,-4.2024,0.11
-2.35,3.95,-0.08,1.0002,0.8002,1.8219,-2.4083,-2.4252,-3.3993,0.12
0.29,1.08,0.5,0.9966,0.9826,2.0581,0.5034,-0.1397,0.4422,0.14
2.65,5.24,-3.13,7.848,7.2744,5.6504,3.6195,1.8699,-0.4364,0.14
0.48,1.15,-2.41,2.7303,0.1592,0.408,1.1205,0.1122,-1.3774,0.14
